이름,평점,리뷰수,주소,위도,경도,전화번호,메뉴
새벽집 청담점,3.3,231,"서울 강남구 도산대로101길 6
(지번) 청담동 129-10",37.5255635894763,127.052868425711,02-546-5739,"꽃등심 (150g) (85,000원), 양념갈비 (260g) (85,000원), 생고기(150g) (85,000원), 불고기(200g) (42,000원), 샤브샤브(160g) (42,000원), 육회(200g) (42,000원), 국수전골 (32,000원), 간장게장 (28,000원), 한우 갈비탕 (28,000원), 육회비빔밥 (16,000원), 따로국밥 (11,000원), 콩나물 국밥 (11,000원), 멸치 김치찌개 (11,000원), 돼지 김치찌개 (11,000원), 조랭이 만두국 (11,000원)"
밍글스,4.2,216,"서울 강남구 도산대로67길 19 힐탑빌딩 2층
(지번) 청담동 94-6",37.5253702976666,127.044160043187,02-515-7306,"DINNER (350,000원), LUNCH (280,000원), 4잔 페어링 (170,000원), 우리 술 페어링 (170,000원), 시그니쳐 페어링 (280,000원)"
뽕나무쟁이 선릉본점,4.2,687,"서울 강남구 역삼로65길 31 1층
(지번) 대치동 896-5",37.5031995277517,127.052001164203,02-558-9279,"모둠족발 (중) (42,000원), 모둠족발 (대) (47,000원), 모둠족발 (특대) (65,000원), 뽕족발 (중) (40,000원), 뽕족발 (대) (45,000원), 뽕족발 (특대) (63,000원), 양념족발 (중) (40,000원), 양념족발 (대) (45,000원), 양념족발 (특대) (63,000원), 쟁반막국수 (13,000원), 참치김치찌개 (10,000원)"
을밀대 강남점,3.6,305,"서울 강남구 테헤란로4길 46 지하1층
(지번) 역삼동 826-37",37.4955481444177,127.03006467392,02-552-1922,"물냉면 (16,000원), 수육 (소) (50,000원), 녹두전 (1장) (13,500원), 홍어무침 (90,000원), 비빔냉면 (16,000원), 수육 (대) (100,000원), 회냉면 (20,000원), 한우 양지탕밥(동절기메뉴) (가격정보 없음), 한우 육개장(동절기메뉴) (가격정보 없음)"
평양면옥,3.2,176,"서울 강남구 논현로150길 6 1층
(지번) 논현동 66-2",37.518940804179,127.029156328901,02-549-5378,"제육 (34,000원), 제육반 (17,000원), 편육 (37,000원), 편육반 (19,000원), 냉면 (15,000원), 온면 (15,000원), 만두국 (15,000원), 비빔냉면 (15,000원), 접시만두 (15,000원), 접시만두반 (8,000원), 제육반 편육반 (36,000원), 불고기 (38,000원), 어복쟁반 大 (100,000원), 어복쟁반 小 (60,000원)"
신동궁감자탕뼈숯불구이 선릉직영점,3.7,"1,041","서울 강남구 선릉로86길 39 1층
(지번) 대치동 890-44",37.5041064509375,127.052878172597,02-558-7944,"뼈해장국 (10,000원), 묵은지김치찜 (10,000원), 낙지뚝배기 (10,000원), 뼈숯불구이 (소) (36,000원), 감자탕 (소) (32,000원)"
백마김씨네 도곡점,4.4,76,"서울 강남구 남부순환로 2743 지하1층,1-3층
(지번) 도곡동 180-1",37.4871558413809,127.045679138685,02-579-7113,"양념갈비 정식 (54,000원), 생갈비 정식 (65,000원), 한우 불고기 정식 (47,000원), 꽃등심 (78,000원), 생등심 (69,000원), 한우 안심 (83,000원), 눈꽃살 (82,000원), 안창살 (93,000원), 한우 육회 (49,000원), 생갈비 (65,000원), 양념갈비 (54,000원), 한우 불고기 (47,000원), 돼지갈비 (39,000원), 육회 탕탕이 (56,000원), 떡갈비정식 (런치) (48,000원), 떡갈비정식 (디너) (58,000원), 보리굴비 정식 (런치) (48,000원), 양념갈비 정식 (런치) (54,000원), 보리굴비 정식 (디너) (58,000원), 생갈비 정식 (런치) (65,000원), 한우 불고기 정식 (런치) (47,000원), 소고기 샤브 (런치) (48,000원), 소고기 버섯 샤브 (런치) (51,000원), 특 등심 샤브 (65,000원), 특 등심 버섯 샤브 (69,000원), 산 불낙지 전골 (52,000원), 황제 산 불낙지 전골 (60,000원), 한우 생등심 정식 (런치) (69,000원), 한우 모둠 정식 (런치) (78,000원)"
중앙해장,4.1,"1,600","서울 강남구 영동대로86길 17 육인빌딩 1층
(지번) 대치동 996-16",37.5082825127305,127.065480465852,02-558-7905,"한우양선지 해장국 (14,000원), 한우내장탕 (16,000원), 한우1++양지곰탕 (16,000원), 한우우족탕 (23,000원), 한우1++양지수육 (중) (47,000원), 곱창전골 (중) (67,000원)"
정돈 강남점,4.2,522,"서울 강남구 강남대로110길 19-1 1층
(지번) 역삼동 601-29",37.5039361170464,127.026439818637,,"A세트 (45,800원), B세트 (39,800원), 등심돈카츠 (16,000원), 안심돈카츠 (17,000원), 등심&안심돈카츠 (21,000원), 치킨카츠 (17,000원), 생선카츠 (17,000원), 스페셜 등심돈카츠 (21,000원), 새우 등심돈카츠 (27,000원), 새우 안심돈카츠 (28,000원), 치즈카츠(2P) (4,000원), 새우카츠(2P) (13,000원), 카츠산도 (10,000원), 카레 (6,000원), 치즈카레 (7,000원)"
뉴만두집,4.0,513,"서울 강남구 압구정로 338 1층
(지번) 신사동 661-1",37.5279245130015,127.038877956425,02-544-3710,"만두전골 (75,000원), 만두국 (15,000원), 빈대떡 (24,000원), 고추전 (24,000원), 비지 (12,000원)"
크라이치즈버거 삼성역점,4.4,428,"서울 강남구 테헤란로 620 미래에셋타워 지하1층
(지번) 대치동 996-1",37.5091979690111,127.065578760717,02-566-6244,"트리플치즈버거세트 (13,500원), 더블치즈세트 (10,900원), 치즈버거세트 (8,900원), 트리플치즈버거 (10,500원), 더블치즈버거 (7,900원), 치즈버거 (5,500원), 감자튀김 (2,500원), 치즈감자튀김 (4,500원), 밀크쉐이크 (5,000원), 더블치즈 버팔로윙 세트 (14,900원), 치즈버거 버팔로윙 세트 (12,500원), 뉴욕 버팔로윙_6PCS (9,900원), 뉴욕 버팔로윙_3PCS (5,500원), 음료수 (2,500원)"
교대이층집 강남역점,3.3,541,"서울 강남구 강남대로78길 14 2층
(지번) 역삼동 831-25",37.4948989334878,127.030554284573,02-562-7113,"2~3인 세트 (55,000원), 꽃삼겹 (150g) (17,000원), 통삼겹 (140g) (17,000원), 통목살 (160g) (17,000원), 항정살 (150g) (19,000원), 한우차돌박이 (150g) (29,000원), 한우채끝등심 (150g) (43,000원)"
양파이 강남점,3.8,322,"서울 강남구 강남대로94길 14
(지번) 역삼동 819-1",37.4992880521588,127.028572160531,,"프렌치 콤보 (58,000원), 프렌치 랙 (32,000원), 생 양갈비 (29,000원), 생 양등심 (29,000원), 클래식 양꼬치 (15,000원), 오리지널 양꼬치 (15,000원), 새우꼬치 (14,000원), 꿔바로우 (18,000원), 마파두부 (18,000원), 청량오이무침 (9,000원), 옥수수우육면 (9,000원), 가지요리 (18,000원), X.O 게살볶음밥 (11,000원), 꽃빵튀김과 연유 (9,000원)"
남도애찬,4.1,65,"서울 강남구 역삼로3길 8 1층
(지번) 역삼동 830-27",37.4941525483838,127.031883923791,0507-1329-1588,"한우육회비빔밥+차돌된장찌개 (17,000원), 영양돌솥밥+차돌된장찌개 (15,000원), 물냉면 (12,000원), 비빔냉면 (12,000원), 한우안창살 (74,000원), 한우살치살 (68,000원), 풍천장어(양념구이) (42,000원), 풍천장어(소금구이) (42,000원), 한우특등심 (58,000원), 갈비탕(돌솥밥변경시3,000원추가) (17,000원), 한우갈비살 (48,000원), 소양념갈비 (47,000원), 한우육회 (42,000원), 한우남도육전 (43,000원), 돼지갈비 (28,000원), 소갈비찜(센터컷 10대) (88,000원), 특갈비탕(돌솥밥변경시3,000원추가) (25,000원), 특장어탕(돌솥밥변경시3,000원추가) (21,000원), 장어탕(돌솥밥변경시3,000원추가) (17,000원), 매운갈비찜(돌솥밥변경시3,000원추가) (14,000원), 돼지갈비+돌솥밥+차돌된장(점심세트) (32,000원), 보리굴비+돌솥밥+차돌된장(점심세트) (32,000원), 한우불고기+돌솥밥+차돌된장(점심세트) (35,000원), 소양념갈비+돌솥밥+차돌된장(점심세트) (45,000원), 소갈비찜+돌솥밥+차돌된장(점심세트) (35,000원), 명품도시락 (32,000원), 한우불고기도시락 (27,000원), 영광보리굴비도시락 (27,000원), 남도도시락 (25,000원)"
아방궁,3.6,101,"서울 강남구 역삼로1길 18 2층
(지번) 역삼동 831-32",37.4944331830952,127.030631216226,02-568-0772,"강남짜장 (8,000원), 강남짬뽕 (9,500원), 짬뽕밥 (9,500원), 쟁반짜장(2인) (21,000원), 삼선볶음밥 (12,000원), 잡채밥 (11,000원), 간짜장 (9,500원)"
라미띠에,4.4,193,"서울 강남구 도산대로67길 30
(지번) 청담동 81-7",37.5259645335248,127.044573313571,02-546-9621,"Lunch (160,000원), Dinner (250,000원)"
파씨오네,4.6,283,"서울 강남구 언주로164길 39 2층
(지번) 신사동 646-23",37.5254584321276,127.036746588867,02-546-7719,"라비올리 (0원), 야채요리 (0원), 야채콘소메 (0원), 점심코스 (0원), 저녁코스 (0원), 셰프테이스팅 (0원)"
농민백암순대 강남직영점,4.6,739,"서울 강남구 역삼로3길 20-4 1층
(지번) 역삼동 830-9",37.4949182390409,127.031492194164,02-501-2772,"국밥 (10,000원), 술국 (19,000원), 토종순대 (13,000원), 수육 (36,000원), 수육정식 (15,000원)"
압구정공주떡,4.1,654,"서울 강남구 논현로161길 10 1층
(지번) 신사동 569-31",37.5236012907122,127.027446444565,02-516-3643,"흑임자케익 (80,000원), 모듬케익 (94,000원), 흑임자인절미(6호) (108,000원), 영양떡(6호) (108,000원), 영양떡+흑임자떡(6호) (108,000원), 영양떡+두텁(6호) (114,000원), 두텁+흑임자떡(6호) (114,000원), 두텁(5호) (120,000원), 약식(5호) (100,000원), 쑥포장인절미 (5호) (80,000원), 모듬찰떡 (5호) (120,000원), 선물세트(大,小) (135,000원), 쑥개떡 (5호) (85,000원)"
오성식당,4.1,635,"서울 강남구 삼성로84길 6 1층
(지번) 대치동 957-16",37.5051969938506,127.058127907336,02-558-5551,"매운등갈비찜 (1인분) (14,000원), 곤드레나물밥 (4,500원), 메밀전 (4,000원), 계란찜 (2,000원)"
곰바위,3.6,12,"서울 강남구 삼성로 542
(지번) 삼성동 151-4",37.5102187627967,127.05527375054,02-552-7761,"곱창 전골 (35,000원), 불고기 전골 (30,000원), 한우 육회 냉면 (19,000원), 곰바위 홍탕 (17,000원), 갈비탕 (17,000원), 설렁탕 (12,000원), 한우 육회 비빔밥 (15,000원), 백 양곰탕 (11,000원), 냉면 (9,000원), 한우육회비빔밥 (점심) (15,000원), 뚝배기불고기 (10,000원), 냉면 (점심) (9,000원), 곰바위 홍탕 (점심) (17,000원), 갈비탕 (점심) (17,000원), 설렁탕 (점심) (12,000원), 백 양곰탕 (점심) (11,000원), 소고기국밥 (8,000원)"
바샤커피 청담 플래그십 스토어,2.8,368,"서울 강남구 압구정로 432
(지번) 청담동 80-4",37.5266074034274,127.044079997771,0507-1444-1910,"테이크어웨이 커피 (11,000원)"
호남마을,3.9,110,"서울 강남구 역삼로7길 2
(지번) 역삼동 829-13",37.4943456433573,127.033479240817,02-556-7701,"삼겹살 (19,000원), 대패삼겹살 (18,000원), 감자탕(소) (40,000원), 우렁해물된장찌개 (10,000원)"
호화반점,3.2,105,"서울 강남구 선릉로161길 5 1,2층
(지번) 신사동 664-25",,,,"짜장 (8,000원), 해물잡탕밥 (15,000원), 복분자 (12,000원), 고추잡채밥 (11,000원), 닭고기덮밥 (10,000원), 소고기덮밥 (10,000원), 잡채밥 (9,000원), 마파두부밥 (9,000원), 고추짬뽕밥 (9,000원), 짬뽕밥 (9,000원), 새우볶음밥 (8,000원), 군만두 (8,000원), 차돌짬뽕 (12,000원), 굴짬뽕 (12,000원), 우육탕면 (10,000원), 사천탕면 (10,000원), 고추짬뽕 (9,000원), 간짜장 (9,000원), 짬뽕 (9,000원), 사천탕수육 (25,000원), 깐소중새우 (35,000원), 찹쌀탕수육 (25,000원), 탕수육 (23,000원), 깐풍중새우 (35,000원), 전가복 (65,000원), 크림중새우 (35,000원), 해물누룽지탕 (34,000원), 팔보채 (34,000원), 해물잡탕 (34,000원), 류산슬 (34,000원), 양장피 (28,000원), 유린기 (29,000원), 깐풍기 (29,000원), 라조기 (29,000원), 고추잡채 (34,000원), 라조육 (27,000원), 난자완스 (30,000원), 냉채 (45,000원), 삼선샥스핀 (70,000원), 게살샥스핀 (65,000원), 해삼탕 (70,000원), 마파두부 (22,000원), 가상두부 (22,000원), 호두새우완자 (35,000원)"
지아니스나폴리 역삼점,4.1,92,"서울 강남구 논현로94길 15 지하1층
(지번) 역삼동 669-18",37.5026716983738,127.037555347253,02-566-0501,"감베리 크레마 (19,500원), 꼬르바리 나폴리타나 (24,000원), 감베리 크레마 (19,500원), 포토벨로 풍기 (22,000원), 아라비아따 (21,000원), 뇨끼 감베리 & 세삐아 (26,000원), 감베로네 (24,000원), 봉골레 프레스케 (21,000원), 리조또 콘 폴포 (26,000원), 리조또 콘 만조 (28,000원), 라자냐 알 포르노 (23,000원), 비스테카 디 만조 150g (39,000원), 마리나라 (16,000원), 마르게리타 디 부팔라 (23,000원), 베수비오 (24,000원), 레지나 (24,000원), 살시챠 프리아리엘리 (26,000원), 모르타델라 (26,000원), 루꼴라 에 부팔리나 (26,000원), 프로슈토 루꼴라 (26,000원), 콰트로 스타지오네 (28,000원)"
마일스톤커피,4.5,847,"서울 강남구 논현로159길 49 1층
(지번) 신사동 554-4",37.521847450448,127.024334591638,070-4219-1195,"에스프레소 (4,500원), 아메리카노 (5,000원), 플랫화이트 (5,500원), 카페라떼 (5,500원), 비엔나커피 (6,500원), 아몬드라떼 (6,000원), 콜드브루 바닐라 라떼 (6,500원), 카푸치노 (5,800원), 바닐라빈라떼 (6,000원)"
뽕사부,4.0,26,"서울 강남구 선릉로133길 3 1층
(지번) 논현동 111-28",37.5181654753273,127.040512637128,02-546-2661,"짜장면 (9,500원), 뽕사부 짬뽕 (12,500원), 볶음밥 (10,500원), 짬뽕밥 (13,000원), 탕수육 (23,000원), 수제 군만두 8개 (9,000원), 탕수육（미니） (17,000원), 세트1（탕수육＋짜장＋짬뽕） (38,000원), 탕짜면 (17,000원), 탕짬면 (17,000원), 매운 짬뽕 (12,500원), 순한 짬뽕 (12,500원), 크림 짬뽕 (14,500원), 치즈 토마토 볶음 짬뽕 (14,500원), 매운 짬뽕밥 (13,000원), 순한 짬뽕밥 (13,000원), 치즈 토마토 볶음 짬뽕밥 (14,500원), 바삭가지튀김 (15,000원), 깐풍기 (28,000원), 유린기 (28,000원), 크림 중새우 (34,000원), 칠리 중새우 (34,000원), 양장피 (30,000원), 유산슬 (36,000원), 고추잡채 (31,000원), 짬뽕탕 (18,000원), 깐풍기（미니） (20,000원), 유린기（미니） (20,000원), 크림중새우（미니） (21,000원), 칠리중새우（미니） (21,000원)"
압구정면옥,4.1,212,"서울 강남구 압구정로30길 16 1층
(지번) 신사동 610-3",37.5264629379141,127.029062077951,02-516-3016,"한우 손만두 전골 (50,000원), 한우 어복쟁반 (2~3인) (75,000원), 평양냉면 (14,000원), 평양냉면 프리미엄 (16,000원), 압구정 손만두 한 접시 (14,000원), 압구정 손만두 반 접시 (8,000원), 제육 한 접시 (32,000원), 제육 반 접시 (17,000원), 한우 육수 불고기 1인분 (35,000원), 비빔냉면 프리미엄 (15,000원), 한우 어복쟁반 (4~5인) (110,000원), 압구정 손만둣국 (11,000원), 비빔냉면 (14,000원), 한우 편육 한 접시 (34,000원), 한우 편육 반 접시 (18,000원), 녹두전 (13,000원), 프리미엄 육수캔 (250ml/작은캔) (4,000원), 프리미엄 육수캔 (500ml/큰캔) (7,000원), 동그랑땡 한 접시(2개) (25,000원)"
도수향,3.5,204,"서울 강남구 선릉로161길 21-4 1층
(지번) 신사동 662-7",37.5272045654367,127.038471443675,02-540-2939,"도수향 인절미 (소) (24,000원)"
봉밀가 강남구청점,4.4,91,"서울 강남구 선릉로 664 1층
(지번) 삼성동 8-1",37.5158910703504,127.042316926707,02-546-2305,"평양 메밀물국수 (14,500원), 한우1++ 곰탕 (14,500원), 평양 메밀비빔국수 (14,500원), 평양 만둣국 (12,000원), 메밀전 (8,900원), 평양 손만두 (8,000원), 평양 지짐 손만두 (9,000원), 육회 비빔면 (19,800원), 한우 청홍탕 (18,000원)"
강남진해장,3.3,578,"서울 강남구 테헤란로5길 11 유빌딩 1층
(지번) 역삼동 819-4",37.4994948439229,127.029264003855,02-557-2662,"양선지해장국 (11,000원), 내장탕 (14,000원), 진얼큰탕 (13,000원), 곱창전골 (중) (62,000원), 갈비곱창전골 (중) (65,000원), 양지곰탕 (11,000원), 사골곰탕 (11,000원), 모듬전골(중) (75,000원), 수육(중) (40,000원)"
정돈 신사점,4.0,248,"서울 강남구 강남대로160길 28
(지번) 신사동 519-4",37.5197517192215,127.021043153918,02-549-0924,"치킨카츠 (17,000원), 생선카츠 (17,000원), 스폐셜등심돈카츠 (21,000원), 등심돈카츠 (16,000원), 안심돈카츠 (17,000원), 등심&안심돈카츠 (21,000원), 새우등심돈카츠 (27,000원), 새우안심돈카츠 (28,000원)"
평가옥 삼성점,3.1,77,"서울 강남구 삼성로95길 37 1-3층
(지번) 삼성동 143-1",,,02-568-1577,"평양 물냉면 (16,000원), 평양 물냉면 (곱배기) (19,000원), 평양 비빔냉면 (16,000원), 평양 비빔냉면 (곱배기) (19,000원), 접시만두 (6개) (14,000원), 녹두지짐 (2장) (17,000원), 쇠고기온반 (15,000원), 토종닭온반 (16,000원), 쇠고기만두국 (15,000원), 토종닭만두국 (16,000원)"
일품헌 역삼점,3.5,65,"서울 강남구 언주로93길 30 1층
(지번) 역삼동 672-37",37.5034754564683,127.039576076366,02-574-7117,"일품헌정식 (70,000원), 스페셜 샤브코스 (28,000원), 1인 샤브 (15,000원), 소고기정식 (40,000원), 산해진미코스 (100,000원), 한우정식 (50,000원), 꿔바로우 (15,000원), 모닝글로리(공심채요리) (18,000원), 샤브한상차림 (22,000원), 샤브한상차림(한우) (33,000원), 주말특선샤브 (25,000원)"
미도인 강남,3.8,"1,990","서울 강남구 강남대로102길 16 1층
(지번) 역삼동 619-3",37.5021082586443,127.027182080667,02-555-1995,"청두사천단탕번 (4,000원), 미도인우육면 (9,900원), 미도인 곱창라멘 (12,800원), 새우 로제 파스타 (14,300원), 곱대마제소바 (14,300원), 미도인 마제소바 (10,300원), 명란 크림파스타 (13,300원), 바질크림 새우파스타 (15,300원), 단새우 가게소바 (12,800원), 미도인 가제소바 (9,800원)"
연탄공장,3.2,104,"서울 강남구 압구정로48길 36-4
(지번) 신사동 642-19",37.5262058936345,127.036487776589,02-514-4082,"돼지왕갈비 (290g) (19,000원), 소갈비살 (160g) (26,000원), 삼겹살 (160g) (19,000원), 목살 (160g) (19,000원), 항정살 (160g) (25,000원), 도시락 (6,000원), 냉면 (6,000원), 압구리골뱅이 (28,000원), 을지로골뱅이 (28,000원), 뚝배기골뱅이 (16,000원), 엠티찌개 (9,000원), 된장찌개 (7,000원), 냄비김치찌개 (15,000원), 꽁치김치찌개 (9,000원), 참치김치찌개 (9,000원), 김치칼국수 (6,000원), 김치수제비 (7,000원), 해물계란탕 (12,000원), 오뎅탕 (12,000원)"
미에뜨 도곡점,3.7,167,"서울 강남구 양재천로 195 나노빌딩 1층
(지번) 도곡동 454-9",37.4828713969164,127.04675312364,02-571-7200,"닭더페퍼(닭다리살구이) (21,000원), 트러플오일 감자튀김 (12,800원), 새우양송이 타파스 (17,800원), 해머포크 (35,000원), 채끝살 (59,000원), 티본 (89,000원), 트러플 프로슈토 피자 (23,000원), 페페로니 피자 (21,000원), 단호박 시금치 피자 (23,000원), 문어와감자퓨레 (19,800원), 봉골레 파스타 (19,800원), 먹물리조또 (22,800원), 관자그린바질 크림파스타 (23,800원), 비프라구 파스타 (22,600원), 해장 파스타 (23,800원), 항정살 파스타 (23,800원), 왕새우 파스타 (22,600원), 부라타 샐러드 (18,800원), 단호박 양송이 파스타 (23,800원), 해산물 파스타 (23,800원)"
창고43 강남점,3.4,247,"서울 강남구 강남대로 362 대륭강남타워 지하1층
(지번) 역삼동 826-20",37.4953055764745,127.029416048324,02-508-0043,"소불고기전골[중] (30,000원), 창고43 육포선물세트 1호 (50,000원), 창고43 육포선물세트 2호 (100,000원), 창고43 스페셜 (49,000원), 창고43 설화등심 (67,000원), 창고43 특안심 (63,000원), 창고43 새우살 (72,000원), 한우명작모듬 (199,000원), 육회 (34,000원), 육사시미 (39,000원), 창고진한왕갈비탕 (21,000원), 매운갈비찜 (23,000원), 버섯순두부찌개 (14,000원), 양곰탕 (25,000원), 한우궁중미역국 (12,000원), 유자육회비빔밥 (16,000원), 창고43 도시락 (40,000원), 창고43 양념갈비 선물세트 (250,000원), 제비추리 (63,000원), 반달육전 (23,000원)"
미테리언육식주의자,3.8,4,"서울 강남구 역삼로8길 5
(지번) 역삼동 834-4",37.4936885389527,127.03379568486,02-566-2238,"와규꽃등심(150g) (24,000원), 마늘간장소갈비살(150g) (19,000원), 삼겹살(180g) (17,000원)"
난장캠프,4.1,370,"서울 강남구 강남대로114길 10 2층
(지번) 논현동 198-3",37.5057520040906,127.025199318349,02-516-1446,"난장스페셜 A (140,000원), 난장스페셜 B (130,000원), 난장세트 A (82,000원), 난장세트 B (70,000원), 난장세트 C (65,000원), 커플세트 (52,000원), 참숯초벌 삼겹살 (180g) (17,000원), 참숯초벌 목살 (180g) (17,000원), 참숯초벌 항정살 (150g) (17,000원), 양념항정살 (150g) (17,000원), 이베리코소세지 1pc (6,000원), 부채살 (160g) (30,000원), 왕새우구이 (250g) (23,000원), 추억의 도시락 (5,000원), 반합라면 (4,000원), 짜파게티 (5,000원), 난장샐러드 (8,000원), 얼큰해물라면 (6,000원), 돼지섞어찌개 (10,000원)"
장인닭갈비 강남점,3.5,"2,590","서울 강남구 테헤란로1길 19 지하 1층
(지번) 역삼동 820-1",37.499602303374,127.027516707375,02-3452-3441,"런치세트 A (24,000원), 런치세트 B (36,000원), 런치세트 C (48,000원), 장인닭갈비(2인분) (24,000원), 장인닭갈비(3인분) (36,000원), 장인닭갈비(4인분) (48,000원), 모짜렐라치즈(2인) (4,000원), 모짜렐라치즈(3인) (5,000원), 모짜렐라치즈(4인) (6,000원), 모둠사리(모짜렐라치즈+떡+당면or라면)2인 (7,500원), 모둠사리(모짜렐라치즈+떡+당면or라면)3인 (8,500원), 모둠사리(모짜렐라치즈+떡+당면or라면)4인 (9,500원), 떡볶이떡 (2,500원), 라면사리 (2,500원), 당면사리 (2,500원), 우동사리 (2,500원), 소세지 (4,000원), 장인볶음밥 (3,000원), 날치알볶음밥 (2,500원), 김치볶음밥 (2,500원)"
원조원주추어탕 강남본점,3.5,140,"서울 강남구 강남대로110길 6
(지번) 역삼동 809-1",37.5040392297245,127.025447892521,02-557-8647,"갈아서추어탕 (13,000원), 통마리추어탕 (14,000원), 전복추어탕 (19,000원), 전복구이 (35,000원), 미꾸라지튀김 (13,000원), 메기매운탕 (소) (40,000원), 메기불고기 (소) (60,000원)"
텍사스데브라질 압구정점,3.7,593,"서울 강남구 논현로 854 지하 1층
(지번) 신사동 603-1",37.5253215967063,127.028865132152,02-3442-7734,"평일 점심(성인) (58,000원), 평일저녁/주말/공휴일 (성인) (78,000원)"
단미그린비,3.2,85,"서울 강남구 밤고개로14길 13-50
(지번) 자곡동 286",37.4792998612535,127.102657029744,02-445-2100,"현보정찬 (1인분) (90,000원), 귀연정찬 (1인분) (65,000원), 자연정찬 (1인분) (45,000원), 미소정찬 (1인분) (35,000원), 해연정찬 (1인분) (27,000원)"
감성타코 강남역점,3.3,"1,324","서울 강남구 강남대로 406 글라스타워 지하1층 B01-1호
(지번) 역삼동 820-9",37.4989106629232,127.027637005361,02-565-8830,"감성그릴드파히타 (38,000원), 까르니타스 치즈타코 (9,000원), 숏립타코 (10,000원), 치플레크림 쉬림프브리또 (14,000원), 베르데 숏립퀘사디아 (14,000원)"
금수복국 대치점,2.9,41,"서울 강남구 테헤란로78길 16 노벨빌딩 1층
(지번) 대치동 891-44",37.5050615609923,127.05533837197,02-558-7172,"복껍질무침 (18,000원), 철판 복불고기 (35,000원), 은복국(기본) (16,000원), 밀복국 (22,000원), 복회무침 (36,000원), 까치복튀김 (32,000원), 복물회 (23,000원), 복회덮밥 (18,000원), 금수복탕수 (32,000원), 금수복깐풍 (32,000원), 복 사사미(소) (75,000원), 복육회 (32,000원), 까치복조림 (34,000원), 활참복찜 (165,000원), 까치복찜(소) (70,000원), 은복찜(소) (45,000원), 활참복수육 (165,000원), 밀복수육(소) (68,000원), 은복수육(소) (45,000원), 활참복국(기본) (55,000원)"
브루클린더버거조인트 삼성점,3.7,185,"서울 강남구 봉은사로84길 10 1층
(지번) 삼성동 146-23",37.5126194372996,127.055575258798,02-555-7180,"판타스틱4 (15,600원), 빅피쉬 (11,200원), 램버거 (14,300원), 더치즈버거 (9,800원), 브루클린웍스 (12,500원), 크.림. (12,200원), 죠지크럼 (12,200원), 치즈스커트 (12,800원), 뉴멕시코 (12,000원), 리얼맥코이 (12,000원), 냅킨플리즈 (13,200원), 버르게리타 (13,700원), 프렌치프라이즈 (8,800원), 치즈프라이즈 (10,500원), 칠리치즈프라이즈 (14,700원), 코울슬로 (7,500원), 코울슬로와 콘샐러드 (7,800원), 바닐라클래식 (7,800원), 오레오 (8,500원), 코카콜라 (3,500원), 스프라이트 (3,500원)"
세종한우 학동역점,3.8,221,"서울 강남구 학동로 219 국제빌딩 지하1층
(지번) 논현동 89-22",37.5149944434401,127.033126051166,02-516-3330,"한우옛날불고기(보통) (11,000원), 한우 보신탕 (8,000원), 한우차돌된장 (8,000원), 한우육회비빔냉면 (7,500원), 한우육회비빔밥 (7,500원)"
주방류,4.2,55,"서울 강남구 강남대로124길 27 1층
(지번) 논현동 145-10",37.5094633250623,127.024813750609,02-515-2777,"양장피 (10,000원), 사천식바지락볶음 (23,000원), 바삭탕수육 (23,000원), 사천식마파두부 (20,000원), 사천식마라닭튀김 (25,000원), x.o해물볶음밥 (13,000원), 사천식향라중새우 (33,000원), 사천식 해물볶음 짜장 (11,500원), 해물탕면 (11,500원), 동파육단단면 (14,000원), 사천식깐풍기 (25,000원), 유린기 (25,000원), 게살스프 (11,000원), 산라탕 (11,000원), 짬뽕전골 (34,000원), 해물 누릉지탕 (41,000원), 귀바로우 (24,000원), 오향상육 (25,000원), 유산슬 (31,000원), 삼선짜장면 (9,500원)"
일편등심 강남,4.4,"1,152","서울 강남구 테헤란로1길 20 지하1층
(지번) 역삼동 818",37.4996634128853,127.027810535308,070-8835-3723,"1++(9) 특등심 100g (44,000원), 한우한마리A 400g (168,000원), 1++(9) 특안심 100g (44,000원), 1++(9) 꽃살치 100g (한정) (48,000원), 1++(9) 특부채 100g (42,000원), 런치set (평일오후4시까지) (89,000원), 등심스페셜 350g (152,000원), 1++(9) 새우살 100g (한정) (52,000원), 1++(9) 치마살 100g (46,000원), 한우한마리B 550g (232,000원), 한우등심육회 (32,000원), 육회비빔밥 (14,000원), 한우된장밥 2인 (12,000원)"
마켓오 압구정점,3.9,134,"서울 강남구 도산대로 310 2층
(지번) 논현동 91-6",37.5215381083611,127.035475775373,02-515-0105,"루꼴라 모짜렐라 플랫 브레드 (24,000원), 통 전복 오일 파스타 (26,000원), O'스테이크 (72,000원), 채끝 등심 리조토 (25,000원), O'봉골레 (25,000원)"
제주보쌈아강족발 선릉점,3.6,24,"서울 강남구 선릉로93길 9 1층
(지번) 역삼동 705-15",37.5051923133418,127.047653271157,02-556-3838,"매운 아강족발 (35,000원), 한방족발(중) (38,000원), 제주보쌈(중) (40,000원), 오리보쌈(중) (40,000원), 순대보쌈(중) (40,000원)"
통영집,3.8,43,"서울 강남구 선릉로 527 1층
(지번) 역삼동 696-31",37.5064966201215,127.047400192043,02-562-9277,"모듬회세꼬시(1人) (60,000원), 특모듬회(1人) (70,000원), 도다리세꼬시(1人) (78,000원), 생홍어회 (100,000원), (여름보양별미)민어회(1人) (78,000원), (여름보양별미)민어전 (7,000원)"
훠궈나라 강남점,3.5,410,"서울 강남구 봉은사로2길 35 소현빌딩 2층
(지번) 역삼동 813-8",37.5024315085965,127.026525352052,02-554-7701,"훠궈 무한리필(평일점심) (15,800원), 훠궈 무한리필(저녁/주말/공휴일) (19,800원), 훠궈 무한리필(초등학생) (12,000원), 훠궈 무한리필(미취학아동) (8,000원)"
네모집 논현점,4.2,83,"서울 강남구 논현로149길 12 1층
(지번) 논현동 7-9",37.5185740861033,127.027312594869,02-545-5804,"네모 숙성 갈비살 (150g) (64,000원), 네모 숙성 안심 (150g) (69,000원), 네모 숙성 등심 (150g) (65,000원), 네모 숙성삼겹살 (170g) (22,000원), 네모 숙성목살 (170g) (22,000원), 네모 양념고기 (안심) (69,000원), 네모숙성꼬들살 (22,000원), 한우된장라면 (10,000원), 돼지고추장찌개 (10,000원), 한우차돌철판볶음밥 (20,000원), 냉모밀국수 (9,000원), 누룽지 (5,000원), 통마늘튀김 (7,000원)"
까사생갈비,4.4,679,"서울 강남구 봉은사로2길 23 2층
(지번) 역삼동 810-7",37.5031524839888,127.026163252743,02-561-5705,"소 꽃갈비(150g) (32,000원), 생갈비(170g) (18,000원), 이베리코 베요타 갈빗살(150g) (19,000원), 이베리코 베요타 목살(150g) (19,000원), 삼겹살(150g) (18,000원), 2인세트 (59,000원), 3~4인 돼지모듬세트 (89,000원), 3~4인 갈비세트 (100,000원), 까사모듬세트 (138,000원), 돈키호테 샐러드 (6,000원), 감바스 알 아히요 (6,000원), 메종 델 챔피온(6개) (6,000원)"
광양본가 강남역국기원사거리본점,4.2,80,"서울 강남구 테헤란로 124 삼원타워 1층
(지번) 역삼동 823",37.4987846719974,127.031703595662,02-555-8494,"한우 생갈비 (220g) (68,000원), 한우 안창살 (120g) (59,000원), 한우 꽃등심 (120g) (49,000원), 한우 꽃살치 (120g) (49,000원), 한우 광양등심 (120g) (30,000원), 양념갈비 (가격정보 없음), 불고기 (가격정보 없음), 갈비탕 (가격정보 없음), 육비 (가격정보 없음), 밀면 (가격정보 없음)"
대도식당 삼성점,3.3,107,"서울 강남구 삼성로 545 1~3층
(지번) 삼성동 127-3",,,02-561-2283,"한우생등심 (1인분) (200g) (55,000원), 소주,맥주,청하 (6,000원), 일품진로 (35,000원), 복분자 (20,000원), 화요 (30,000원), 음료수 (2,000원), 깍두기 볶음밥 (4,000원), 된장죽 (5,000원)"
벌교한상,4.2,24,"서울 강남구 광평로46길 7 1층
(지번) 수서동 450-8",37.4858466768924,127.099392322489,02-451-2226,"새꼬막 (통,양념) (소) (20,000원), 꼬막무침 (35,000원), 보쌈 (중) (35,000원), 문어숙회 (35,000원), 홍어회 (35,000원), 소화한상 (15,000원), 벌교한상 (24,000원), 보리굴비정찬 (31,000원)"
맥도날드 강남삼성DT점,3.2,26,"서울 강남구 봉은사로 432 1-2층
(지번) 삼성동 113-7",,,02-6743-2600,"한입초코츄러스3조각 (가격정보 없음), 맥스파이시 상하이 투움바 (가격정보 없음), 슈비 투움바 (가격정보 없음), 더블 쿼터파운더 치즈 (가격정보 없음), 맥스파이시 상하이 버거 (가격정보 없음), 토마토 치즈 비프 버거 (가격정보 없음), 빅맥 (가격정보 없음), 트리플 치즈버거 (가격정보 없음), 1955 버거 (가격정보 없음), 더블 불고기 버거 (가격정보 없음), 불고기 버거 (가격정보 없음), 슈슈 버거 (가격정보 없음), 슈비 버거 (가격정보 없음), 베이컨 토마토 디럭스 (가격정보 없음), 치즈버거 (가격정보 없음), 더블 치즈버거 (가격정보 없음), 햄버거 (가격정보 없음), 드립 커피 (가격정보 없음), 해쉬 브라운 (가격정보 없음), 후렌치 후라이 (가격정보 없음), 맥너겟 (가격정보 없음), 아메리카노 (가격정보 없음)"
빠완,4.1,177,"서울 강남구 선릉로86길 34 2층
(지번) 대치동 896-25",37.5037733180592,127.052544193417,02-515-8892,"홍쏘육 정식 (15,000원), 우육면 (10,000원), 꿔바오로우 (11,000원), 마라샹궈 (19,000원), 철판소고기 (21,000원), 경장육슬 (19,000원), 가지튀김요리 (29,000원), 마라훠궈전골 (29,000원), 철판 양꼬치（2인분） (30,000원), 쏸라탕 (15,000원), 지삼선정식 (13,000원), 쯔란양고기 정식 (13,000원), 홍쏘육 (39,000원), 닭봉튀김 (29,000원), 철판깐양 (21,000원), 깐풍닭날개 (20,000원), 가지볶음밥 (10,000원), 마파두부덮밥 (10,000원), 계란볶음밥 (9,500원), 마라탕 (12,000원), 토마토계란덮밥 (11,000원), 지삼선 (19,000원), 고기민찌가지 (20,000원), 토마토계란 (20,000원), 향라육슬 (29,000원), 향라대하 (30,000원), 쯔란양고기 (21,000원), 마라새우 (20,000원), 마라수육 (25,000원), 마파두부 (16,000원)"
아웃백스테이크하우스 코엑스스타필드점,4.0,391,"서울 강남구 영동대로 513 지하 1층 H123호
(지번) 삼성동 159",37.5118239121138,127.059159043842,02-558-4491,"갈릭 립아이 (49,900원), 투움바 파스타 (25,900원), 오지치즈 후라이즈（미듐） (10,900원), 짐붐바 스테이크 3인 세트 (85,900원), 갈릭립아이 스테이크 2인 세트 (73,900원), 짐붐바 스테이크 (34,900원), 알리오올리오 (25,900원), 씨푸드 아라비아따 (25,900원), 베이비 백립 (49,900원), 카카두 김치 그릴러 (25,900원), 홈파티 4인 세트 2 (153,900원), 카카두 김치 그릴러 2인 세트 (55,900원), 아웃백 x 코카-콜라 2인 세트 (61,900원), 스파이시 투움바 파스타 (25,900원), 골드코스트 코코넛쉬림프 (20,900원), 치킨텐더 샐러드 (20,900원), 오지칩（감자튀김） (7,900원), 베이크드 스위트 포테이토 (7,900원), 프라이드 라이스 (7,900원), 양송이 스프 (4,500원), 부쉬맨 브레드（빵） (2,000원), 허니머스타드 (500원), 블루치즈드레싱 (500원), 초콜렛소스 (500원), 코카콜라（355ml） (2,000원), 코카콜라 제로 (2,000원), 스프라이트 (2,000원), 스프라이트 제로 (2,000원)"
흑우정 압구정로데오 본점,3.9,220,"서울 강남구 도산대로57길 7 2층
(지번) 청담동 87-10",37.5241044115478,127.041103537848,0507-1366-5412,"와규 꽃갈빗살(100g) (27,900원), 꽃갈빗살(100g) (17,900원), 양념갈비(250g) (32,900원), 제주식소고기해장국 (10,000원)"
옛날집 청담본점,3.3,61,"서울 강남구 선릉로148길 38 1층
(지번) 청담동 20-12",37.5227034395703,127.042637520844,02-549-7888,"생불고기전골 (45,000원), 한방돼지갈비찜 (40,000원), 가자미식해 (20,000원), 옛날집 디럭스 (35,000원), 가자미구이갈비찜정식 (30,000원)"
일일향 2호점,3.4,25,"서울 강남구 봉은사로 167
(지번) 논현동 206-5",37.507246947003,127.032257860617,02-512-9181,"짜장면 (밥) (7,000원), 깐풍기 (30,000원), 유린기 (30,000원), 육즙 돼지고기 탕수육 (28,000원), 옛날짬뽕 (밥) (8,000원), 옛날볶음밥+후라이 (8,000원), 잡채볶음밥+후라이 (12,000원)"
이끼롤까스 가로수길본점,3.2,202,"서울 강남구 강남대로152길 64 성미빌딩 지하1층
(지번) 신사동 539-2",37.5187523884703,127.024463219634,02-514-3347,"고구마치즈돈까스 (14,500원), 날치알치즈롤까스 (14,500원), 카레치즈롤까스 (14,500원), 스파이시치즈롤까스 (14,000원), 연어리코타샐러드 (12,000원), 버섯치즈롤까스 (14,500원), 커플세트 A (32,000원), 커플세트 B (43,900원), 치킨치즈롤까스 (14,500원), 생선치즈롤까스 (14,500원), 김치치즈롤까스 (14,000원), 샐러드돈까스 (14,000원), 돈까스 (12,000원), 치킨까스 (12,000원), [NEW] 샐러듬뿍 쫄면 (10,000원), [NEW] 샐러듬뿍 연어쫄면 (12,500원), [NEW] 샐러듬뿍 숯불차돌쫄면 (12,500원), 버터장조림덮밥 (13,000원), 연어덮밥 (13,000원), 이끼리코타샐러드 (7,000원), 버터갈릭감튀 (6,000원), 타코야키 (4,000원), 애플망고에이드(1000ml) (7,000원), 자몽에이드(1000ml) (6,500원), 청포도에이드(1000ml) (6,500원), 키위에이드(1000ml) (6,500원), 로제돈까스 (14,500원)"
누데이크 신사,3.2,543,"서울 강남구 강남대로162길 43 Le82빌딩 1,2층
(지번) 신사동 524-12",37.5210656002889,127.021823947484,070-4177-6977,"피크 스몰 (28,000원)"
청국장서갈비,3.8,101,"서울 강남구 선릉로 420 1층
(지번) 대치동 897-3",37.5024968609524,127.050272610094,02-561-1019,"청국장 (10,000원), 김치찌개 (2인 이상) (12,000원), 된장찌개 (10,000원), 제육볶음 (12,000원), 오징어볶음 (13,000원), 순두부찌개 (10,000원), 두부김치 (20,000원)"
어성,3.9,15,"서울 강남구 언주로 843 2층
(지번) 신사동 623-1",37.5257368819865,127.032945835596,02-3442-6686,"스시 오마카세 (Lunch) (48,000원), 사시미 오마카세 (Room, Dinner) (110,000원), 사시미 (Room, Dinner) (90,000원), 무제한 오마카세 (Counter) (130,000원), 사시미 오마카세 (Counter) (100,000원)"
키이스케이프 강남점,4.0,273,"서울 강남구 강남대로96길 17 6층
(지번) 역삼동 817-21",37.5001355825173,127.028389730314,010-7456-6082,메뉴 없음
금수복국 압구정점,3.5,113,"서울 강남구 언주로 821 금수빌딩 2,3층
(지번) 신사동 627-13",37.5235465872083,127.032795434101,02-542-5482,"커플세트 (20,000원), 복물회 (23,000원), 모둠튀김 (35,000원), 까치복튀김 (32,000원), 은복튀김 (29,000원), 골뱅이 복껍질 무침 (28,000원), 복껍질무침 (18,000원), 복껍질튀김 (27,000원), 곤이튀김 (27,000원), 복회무침 (36,000원), 금수복탕수 (32,000원), 금수복깐풍 (32,000원), 복 사시미(소) (75,000원), 철판복불고기 (35,000원), 복육회 (32,000원), 전복 산낙지 복전골 (65,000원), 활참복찜 (165,000원), 까치복찜(소) (70,000원), 밀복수육(소) (68,000원), 은복수육(소) (45,000원)"
청초수물회섭국 강남점,3.8,130,"서울 강남구 압구정로28길 24 1층
(지번) 신사동 576-6",37.5249791914114,127.027456112667,02-516-5050,"일반물회（1인분） (21,000원), 성게알 비빔밥（1인분） (22,000원), 성게알 미역국（1인분） (21,000원), 보양 전복죽（1인분） (18,000원), 전복 회 무침（2~3인분） (67,000원), 해전물회 （2인분） (50,000원), 해전물회（1인분） (29,000원), 붉은 대게살 비빔밥（1인분） (20,000원), 활 전복 회 덮밥（1인분） (24,000원), 섭국（1인분） (17,000원), 오징어순대（1마리） (16,000원), 섭전복국（1인분） (22,000원), 모듬막회 (120,000원), 사이다 (2,000원), 콜라 (2,000원), 토닉워터 (3,000원), 한입 인절미 떡 (13,000원), 오징어밥식해 500g (15,000원)"
화로상회 강남논현점,3.8,34,"서울 강남구 학동로2길 31 2층
(지번) 논현동 144-4",37.5094293954523,127.023298600297,02-540-8592,"14세 이상 (17,500원), 8세~13세 (12,900원), 6세~7세 (6,900원), 물냉면 (6,000원), 비빔냉면 (6,000원), 소주 (5,000원)"
대한민국,4.1,19,"서울 강남구 영동대로85길 17-5
(지번) 대치동 950-2",37.5067308548476,127.062386737012,02-561-6320,"살치살 A++ (72,000원), 꽃등심 A++ (68,000원), 생등심 A++ (60,000원), 차돌박이 A++ (45,000원), 육회 A++ (49,000원), 숯불 삼겹살 (국내산) (18,000원), 한우 곱창전골 A++ (공기밥 포함) (27,000원), 국수전골 (죽 포함) (17,000원), 갈비탕 (16,000원)"
카페413프로젝트 역삼점,4.2,349,"서울 강남구 논현로97길 19-11
(지번) 역삼동 640-9",37.5023537729446,127.034470345735,070-7798-0544,"아메리카노 (5,000원), 카페 라떼 (5,800원), 플랫 빈센트 (ICE) (6,200원), 시그니처 밀크티 (6,800원), 라임 모히또 (8,000원)"
노브랜드버거 코엑스점,3.0,117,"서울 강남구 영동대로 513 동문 1층
(지번) 삼성동 159",37.5118239121138,127.059159043842,02-501-1582,"페퍼민트 티 (가격정보 없음), 캐모마일 티 (가격정보 없음), 치즈스틱 (가격정보 없음), 그린샐러드 (가격정보 없음), 닭가슴살샐러드 (가격정보 없음), 오리지널 새우 (가격정보 없음), 치폴레 핫 치킨 (가격정보 없음), 코울슬로 치킨 (가격정보 없음), 갈릭앤갈릭 (가격정보 없음), 더블치즈 베이컨 시그니처 (가격정보 없음), 그릴드 불고기 (가격정보 없음), 메가바이트 (가격정보 없음), 미트 마니아 (0원), NBB 오리지널 (가격정보 없음), NBB 어메이징 (0원), NBB 시그니처 (가격정보 없음), NBB 오메이징 (가격정보 없음), 에그김치 버거 (가격정보 없음), 감자튀김 (가격정보 없음), 아메리카노 (가격정보 없음)"
아웃백스테이크하우스 강남점,3.8,224,"서울 강남구 강남대로 502 서희빌딩 2층
(지번) 논현동 165",37.507132658988,127.023676433449,02-515-4791,"갈릭 립아이 (49,900원), 투움바 파스타 (25,900원), 오지치즈 후라이즈（미듐） (10,900원), 갈릭립아이 스테이크 2인 세트 (73,900원), 아웃백 x 코카-콜라 2인 세트 (61,900원), 홈파티 4인 세트 2 (153,900원), 짐붐바 스테이크 (34,900원), 스파이시 투움바 파스타 (25,900원), 알리오올리오 (25,900원), 씨푸드 아라비아따 (25,900원), 베이비 백립 (49,900원), 골드코스트 코코넛쉬림프 (20,900원), 치킨텐더 샐러드 (20,900원), 오지칩（감자튀김） (7,900원), 베이크드 스위트 포테이토 (7,900원), 프라이드 라이스 (7,900원), 양송이 스프 (4,500원), 부쉬맨 브레드（빵） (2,000원), 허니머스타드 (500원), 초콜렛소스 (500원), 코카콜라（355ml） (2,000원), 코카콜라 제로 (2,000원), 스프라이트 (2,000원), 스프라이트 제로 (2,000원)"
평양면옥 도곡점,2.7,125,"서울 강남구 논현로28길 28
(지번) 도곡동 423-15",37.4833794378973,127.044756720146,,"냉면 (15,000원), 비빔냉면 (15,000원), 온면 (15,000원), 접시만두(한접시 6개) (15,000원), 만두국(한그릇 6개) (15,000원), 떡국 (16,000원), 제육(한접시) (34,000원), 한우불고기(1인분) (37,000원), 접시만두(반접시 3개) (8,000원), 만두국(반그릇 3개) (8,000원), 제육(반접시) (17,000원), 어복쟁반(대) (100,000원), 어복쟁반(중) (78,000원), 소고기편육(한접시) (35,000원), 소고기편육(반접시) (18,000원), 제육,편육반 (35,000원), 녹두지짐이(한접시 2장) (22,000원), 녹두지짐이(반접시 1장) (11,000원), 냉면곱빼기 (21,000원)"
세시셀라 도산공원점,3.9,508,"서울 강남구 도산대로45길 10-4 삼경빌딩 1층
(지번) 신사동 651-4",37.5231606049458,127.036165585331,02-3448-7100,"espresso double (6,400원), iced SUPER espresso (8,700원), espresso con panna (6,900원), espresso macchiato (6,900원), caffe americano (6,600원), iced caffe americano (7,200원), iced sparkling americano (7,700원), iced caffe americano with honey (7,900원), caffe latte (7,600원), iced caffe latte (7,600원), cappuccino (7,900원), caffe cream vienna latte (8,500원), iced caffe cream vienna latte (8,500원), caffe cacao vienna latte (7,900원), iced caffe cacao vienna latte (8,400원), caffe mocha (7,600원), iced caffe mocha (8,200원), caffe vanilla latte (7,600원)"
수림복국 삼성본점,4.2,25,"서울 강남구 테헤란로77길 11-13 1층
(지번) 삼성동 143-22",37.5067869422082,127.053476778004,0507-1318-0314,"복불고기정식 (17,000원), 까치복불고기정식 (22,000원), 生까치복지리 (20,000원), 生참복지리 (35,000원), 활 참복자리 (60,000원), 참복코스 (70,000원), 까치복코스 (50,000원), 사시미 활어 코스(전일 예약필수) (140,000원), 사시미코스 (전일 예약필수) (100,000원), 까치복 불고기(1인) (30,000원), 복불고기(소) (35,000원), 생참복수육(중) (130,000원), 까치복수육(중) (90,000원), 복튀김(소) (10,000원), 까치복가라아게 (50,000원), 간장대하(6마리) (15,000원), 복껍질무침(소) (10,000원)"
수다 청담점,4.6,295,"서울 강남구 도산대로57길 15 1-2층
(지번) 청담동 88-31",,,02-593-3584,"차돌떡볶이 (29,000원), 나가사끼 짬뽕탕 (29,000원), 모듬꼬치 (34,000원), 수다덴뿌라 (29,000원), 모듬사시미 (78,000원)"
봉우이층집,3.8,605,"서울 강남구 봉은사로18길 76 2층
(지번) 역삼동 619-14",37.5017915051523,127.027398311446,02-553-8454,"통삼겹 (150g) (14,000원), 통목살 (150g) (15,000원), 항정살 (150g) (16,000원), 눈꽃살 (150g) (29,000원)"
라드레쎄,4.5,18,"서울 강남구 남부순환로378길 36 의산빌딩 1층
(지번) 도곡동 459-2",37.4840270018454,127.04682552727,02-575-5272,"프랜치 양파 스프 (13,000원), 트러플향이나는 버섯 소고기 리조또 (23,000원), 알리 올리오 (16,000원), 카르보나라 스파게티 파스타 (17,000원), 소고기 토마토소스 파스타 (20,000원)"
진대감 도곡점,4.1,77,"서울 강남구 남부순환로 2722 1층
(지번) 도곡동 411-11",37.4855508772542,127.043770594145,02-529-1141,"한우차돌삼합 (29,000원), 한우투뿔모듬 (119,000원), 한우파김치전골 (55,000원), 한우차돌박이 (29,000원), 갓김치물냉면 (10,000원), 갓김치비빔냉면 (10,000원), 한우꽃게된장찌개 (12,000원), 한우차돌짬뽕라면 (10,000원), 구수한누룽지 (8,000원), 날치알볶음밥 (6,000원), 누룽지계란찜 (6,000원), 점심)갓김치물냉면반상 (10,000원), 점심)갓김치비빔냉면반상 (10,000원), 점심)한우꽃게된장찌개밥상 (12,000원), 점심)한돈파김치전골밥상 (11,000원), 점심)한우차돌짬뽕라면밥상 (10,000원), 점심)벌교꼬막비빔밥상 (11,000원), 벌교꼬막비빔밥 (11,000원), 생관자 (15,000원), 차돌초밥용 밥 (5,000원)"
감나무집,3.5,32,"서울 강남구 봉은사로5길 6
(지번) 논현동 202",37.5056056857377,127.026414168676,02-541-2249,"황칠나무 상황버섯 닭 or 오리 한방백숙(1마리) (75,000원), 능이 닭 or 오리 한방백숙(1마리) (65,000원), 참옻 닭 or 오리 한방백숙(1마리) (65,000원), 닭 or 오리 한방백숙(1마리) (55,000원), 토종 닭도리탕(1마리) (50,000원), 도마수육(1인분200g) (30,000원), 전골(1인분200g) (25,000원), 무침(1인분200g) (25,000원), 보신탕(1인분100g) (15,000원)"
몽중헌 대치점,3.8,168,"서울 강남구 영동대로 325 S-TOWER 1층
(지번) 대치동 983-17",37.5032910260927,127.065495897888,02-565-5757,"시그니처 딤섬 (9,800원), 광동식 전가복 (S) (60,000원), 유린기 (S) (32,000원), 후난식 볶음밥 (15,000원), 삼선 짬뽕 (14,000원), 탕수육 (60,000원)"
10꼬르소꼬모서울카페,3.2,19,"서울 강남구 압구정로 416 더트리니티빌딩 지하1층
(지번) 청담동 79",37.5269289539938,127.04240393602,02-547-3010,"팥과무화과를 곁들인 '스노우 아이스' 밀크빙수 (16,000원), 녹차가루와 녹차젤라또를 곁들인 '스노우 아이스'밀크빙수 (16,000원), 후레쉬 과일을 곁들인 그리스산 요거트 젤라또 (18,000원), 카라멜 입힌 호두와 히말라야 핑크 소금이 들어간 카라멜 젤라또 (15,000원), 로얄밀크티와 바닐라 젤라또를 곁들인 '스노우 아이스' 밀크빙수 (18,000원), 밤 라비올라와 마스카포네 사바용 (18,000원), 바닐라 젤라또를 올린 10꼬르소 꼬모 카페 시그니쳐 다크 초코렛 타르트 (18,000원), 신선한 블루베리 밀푀유 (17,000원), 10꼬르소 꼬모 카페 시그니쳐 크리미 티라미수 (18,000원), 벌꿀을 곁들인 10꼬르소 꼬모 카페 시그니쳐 세미 프레도 (19,000원), 브두러운 솜사탕을 얹은 10 꼬르소 꼬모 카페 시그니쳐 바닐라 아포가토 (16,000원), 배 (Fresh juice) (17,000원), 배&생강 (Fresh juice) (17,000원), 오렌지 (Fresh juice) (17,000원), 자몽 (Fresh juice) (17,000원), 오렌지&자몽 (Fresh juice) (17,000원), 사과&펜넬 (Fresh juice) (17,000원), 사과&비트 (Fresh juice) (17,000원), 당근 (Fresh juice) (17,000원), 사과 (Fresh juice) (17,000원)"
공리 강남구청역점,3.0,523,"서울 강남구 선릉로129길 24 은성빌딩 1층
(지번) 논현동 240-14",37.5160623292902,127.039519039271,02-541-7663,"볶음밥 (9,500원), 공세트 (19,000원), 잡채밥 (10,000원), 삼선볶음밥 (11,000원), 마파두부밥 (10,000원), 삼선우동/밥 (12,000원), 차돌짬뽕 (13,000원), 유니짜장면 (9,000원), 쟁반짜장(2인) (20,000원), 우리군만두(8pcs) (7,000원), 중국식냉면 (12,000원), 얼얼냉짬뽕 (11,000원), 담백냉콩국수 (11,000원), 피망덮밥 (12,000원), 잡탕밥 (20,000원), 버섯덮밥 (10,000원), 유산슬밥 (18,000원), 간풍동고(소) (37,000원), 중새우 칠리소스(소) (35,000원), 류산슬/해물누룽지탕(소) (37,000원), 깐풍기 (35,000원), 탕수육(소) (25,000원), 양장피 (40,000원), 소고기튀김 (47,000원)"
바스버거 역삼점,4.0,167,"서울 강남구 테헤란로26길 10 성보빌딩 지하1층
(지번) 역삼동 736-55",37.4996347605088,127.035838830564,02-568-6654,"하와이안버거 (9,800원), 더블 바스버거 (11,300원), 치즈버거 (6,700원), 바스버거 (7,800원), 핫치킨 디럭스 (8,500원), 와사비마요 쉬림프버거 (10,900원), 더블베이컨치즈버거 (11,300원), 머쉬룸버거 (11,300원), 탐욕버거 (14,000원), 트리플 바스버거 (14,800원)"
강정이넘치는집 청담점,3.7,218,"서울 강남구 학동로 435 1층
(지번) 청담동 46-16",37.5187894406336,127.048580547572,02-2201-0447,"옛날 팥빙수 (1인) (12,000원)"
오징어세상 삼성점,3.7,224,"서울 강남구 삼성로96길 15 1층
(지번) 삼성동 155-15",37.5090904790547,127.057075333082,02-501-9375,"세꼬시 모듬 (중) (50,000원), 산오징어회 (20,000원), 산오징어통찜 (22,000원), 산오징어데침 (22,000원), 광어회 (중) (28,000원), 우럭회 (중) (28,000원), 오징어회 + 광어 (35,000원), 오징어회 + 우럭 (35,000원), 광어 + 멍게 (35,000원), 우럭 + 멍게 (35,000원), 광어 or 우럭 + 매운탕 + 꽁치구이 (45,000원), 광어 + 오징어튀김 or 새우튀김 (30,000원), 오징어데침 + 해물세트 + 튀김 (35,000원), 산오징어회(산낙지) + 해물세트 + 튀김 + 광어 or 우럭 (45,000원), 고구마튀김 (10,000원), 놀래미회 (35,000원), 숭어회 (35,000원), 도다리회 (38,000원), 광어 세꼬시 (25,000원), 도다리 세꼬시 (38,000원), 멍게 (19,000원), 가리비회 (21,000원)"
피양옥,4.4,201,"서울 강남구 압구정로36길 7 1,2층
(지번) 신사동 616-8",,,02-545-9311,"성게알 (변동가격), 문어숙회 (50,000원), 어복쟁반 (소) (90,000원), 물냉면 (14,000원), 어복쟁반 (90,000원), 비빔냉면 (14,000원), 불고기 (35,000원), 만두 (14,000원), 만두전골 (50,000원), 온수육 (50,000원), 만두국 (14,000원), 냉수육 (30,000원), 양지온반 (14,000원), 떡국 (14,000원), 냉제육 (36,000원), 녹두전 (14,000원), 능이버섯 (30,000원)"
샤블리,4.0,285,"서울 강남구 강남대로152길 35 2층
(지번) 신사동 515-9",37.5180860928953,127.022201116436,0507-1432-8869,"차돌박이구이&샤브정식 (29,000원), 샤블리 정식 (26,000원), 한우 소고기 샤브정식 (38,000원), 대패삼겹살 with 샤브샤브 (25,000원), 훈제오리구이 & 샤브 정식 (29,000원)"
육목원,,477,"서울 강남구 강남대로 328 2층 201~203호
(지번) 역삼동 832-3",37.4924272855457,127.030921234166,02-587-7123,"한우_꽃등심(120g) (54,000원), 점심 특선_양념 소갈비 정식(300g) (30,000원), 점심(평일)_제육 정식 (12,000원), 점심(평일)_황태구이 정식 (13,000원), 점심(평일)_냉면정식(하절기) (11,000원), 한우_살치살(110g) (72,000원), 한우_육회(120g) (30,000원), 한돈_수제 양념 돼지 갈비(등갈비+목살)_(200g) (25,000원), 한돈_곰취 삼겹살 (150g) (19,900원), 한돈_숙성 삼겹살 (150g) (19,000원), 점심 특선_수제 양념 돼지 갈비 정식(200g) (25,000원), 특선_간장 게장 정식 (35,000원), 점심(평일)_차돌 된장찌개 (11,000원), 점심(평일)_숙성 김치찌개 (11,000원), 진짜 한우 된장 라면(농심 콜라보) (11,000원), 한우 된장 전골 (34,000원), 한돈 김치 전골 (34,000원), 양념 게장 (한 접시) (19,000원), 계란말이(점심에는 13,000원이에요) (16,000원), 계란찜 (7,000원)"
밀란국수 개포본점,4.2,209,"서울 강남구 개포로28길 4 1층 101호
(지번) 개포동 1215",37.4785314479201,127.049119308264,02-574-3216,"밀란샤브 (2인이상) (14,000원), 복칼국수 (기본) (10,000원), 복칼국수 (얼큰) (10,000원), 들깨칼국수 (2인이상) (10,000원), 코다리찜 (2인이상) (11,000원), 복국 (기본) (10,000원)"
목포명가 삼성점,2.7,749,"서울 강남구 삼성로100길 24 킴스101 지하1, 1층
(지번) 삼성동 154-2",37.5098720924876,127.057278045951,02-565-3736,"방어회덮밥 (20,000원), 생대구지리 (25,000원), 모듬물회 (28,000원), 활어물회 (20,000원), 멍게비빔밥 (16,000원), 활어회덮밥 (17,000원), 보리굴비정식 (25,000원), 통낙지비빔밥 (17,000원), 꼬막비빔밥 (16,000원), 전복해물미역국 (18,000원), 해물부추전 (18,000원), 해산물모듬 (70,000원), 낙지볶음&메밀면 (50,000원), 활어회무침 (50,000원), 꼬막무침 (45,000원), 백합탕과칼국수 (40,000원), 안주물회 (50,000원), 활도다리매운탕 (40,000원)"
현대순대국,3.4,194,"서울 강남구 강남대로124길 20
(지번) 논현동 161",37.5090490769969,127.02421631512,,"한우소머리국밥 (13,000원), 순대국밥 (10,000원), 돼지머리국밥 (10,000원), 돼지내장국밥 (11,000원), 진가돼지국밥 (10,000원), 한우소머리고기 (소) (30,000원), 돼지모듬 (소) (22,000원), 술국+돼지머리고기 (소) (28,000원), 돼지머리고기 (소) (20,000원), 술국 (20,000원), 돼지편육 (소) (18,000원), 순대 (20,000원), 두부김치 (18,000원)"
걸신맛집,3.9,43,"서울 강남구 테헤란로6길 29 1층
(지번) 역삼동 827-53",37.4967201275625,127.031284196503,02-566-9285,"몸보신 나주곰탕 (일반) (13,000원), 묵은지김치찜 (9,000원), 직접갈은 콩비지 (8,000원), 해장 북엇국 (8,000원)"
안식레스토랑,4.6,133,"서울 강남구 도곡로99길 31 지하1층
(지번) 대치동 982-1",37.5025884116209,127.065025380615,02-2039-7861,"세상의 모든 버섯 샐러드 (23,000원), 바삭한 닭고기구이와 부드러운 쿠스쿠스 (38,000원), 치즈 듬뿍 가지 피자 (25,000원), 청담 공주 묵 떡볶이 (28,000원), 채끝 등심 스테이크 (55,000원), 강황 해물 누룽지탕 (49,000원), 콩 듬뿍 토마토 라구 파스타 (23,000원), 나물 듬뿍 크림 파스타 (23,000원), 귀리 새우 오크라 볶음밥 (20,000원), 상추를 곁들인 보리 된장 보들밥 (21,000원), 해초 꼬시래기 냉면 (23,000원), 전복 미역 옹심이 면 (카펠리니) (22,000원), 버터 장조림 주먹밥 (7,000원)"
플레어비 도곡본점,3.4,25,"서울 강남구 논현로26길 33 1-2층
(지번) 도곡동 423-14",,,02-578-3300,"아메리카노 (5,000원), 카페라떼 (5,500원), 아인슈페너 (7,000원), 리얼 초콜릿 라떼 (6,500원), 플레인 요거트 스무디 (ice) (6,500원), 로제오믈렛 (17,000원), 클럽샌드위치 (15,000원), 에그베네딕트 (18,000원), 쉬림프오일파스타 (18,000원), 애플프렌치토스트 (17,000원), 뽀모도로파스타 (18,000원), 루꼴라샌드위치 (15,000원), 로얄하와이안버거 (16,000원), 고메버터햄샌드위치 (14,000원), 시저샐러드 (14,000원), 쉬림프그린샐러드 (15,000원), 토마토스프햄치즈샌드위치 (14,000원), 갈릭머쉬룸파스타 (19,000원), 캐모마일 (5,000원), 블랙티라떼 (6,000원), 청귤티 (6,000원), 레드유자티 (6,000원)"
호남식당,2.7,114,"서울 강남구 논현로164길 30 1층
(지번) 신사동 594-28",37.5228893473181,127.030627574445,02-515-5657,"제육쌈밥(1인분) (8,000원), 김치찌개(1인분) (8,000원), 생삼겹살(200g) (14,000원), 한우생등심(180g) (42,000원), 오리로스 (45,000원), 닭볶음탕 (50,000원)"
풍천가 청담점,4.3,161,"서울 강남구 도산대로56길 7 1-2층
(지번) 청담동 2-3",,,02-548-5310,"활전복 버터 참숯구이 (45,000원), 장어벌떡탕 (15,000원), 가리비 참숯구이 (42,000원), 왕새우 참숯구이 (45,000원), 풍천 민물장어 (330g)(2인이상) (48,000원), 강화도 갯벌장어(330g)(2인이상) (78,000원), 국내산 목살(180g) (20,000원), 국내산 항정살(160g) (24,000원), 통오징어 참숯구이 (18,000원), 소세지 참숯구이 (15,000원), 묵은지꽁치김치찌개 (12,000원), 해물우렁된장찌개 (10,000원), 풍천해물라면 (15,000원), 철판치즈김치볶음밥 (15,000원), 살얼음열무국수 (9,000원), 멸치국수 (8,000원), 비빔국수 (8,000원), 누룽지 (7,000원)"
청자골,4.2,133,"서울 강남구 역삼로77길 17 1층
(지번) 대치동 901-71",37.5036690571732,127.0561025459,02-935-0609,"차돌된장찌개 (10,000원), 해물된장찌개 (10,000원), 내장탕 (12,000원), 한우육개장 (12,000원), 남도별미매생이탕 (20,000원), 꽁치김치찌개 (10,000원), 대창김치찌개 (12,000원), 한우육회비밤밥 (15,000원), 묵은지 김치찌개 (10,000원), 강진명품 토하젓 비빔밥 (13,000원), 김치찌개 (10,000원), 육회비빔밥 (15,000원), 옛날불고기 (15,000원), 비빔밥정식 (18,000원)"
뼈다구집 정해장,4.4,248,"서울 강남구 언주로115길 18 1층
(지번) 논현동 226-7",37.5099619261669,127.035164121726,02-541-8253,"매운뼈구이 (14,000원), 감자탕 (14,000원), 순살우거지해장국 (10,000원), 해장순대국 (12,000원), 왕뼈해장국 (12,000원), 특뼈해장국 (15,000원), 맛보기순대 (5,000원), 맛보기편육 (6,000원), 주먹밥 (5,000원), 뚝배기콘치즈 (8,000원), 순대 (9,000원), 편육 (12,000원)"
크리에잇쿠키 역삼점,4.3,79,"서울 강남구 테헤란로25길 36 2층
(지번) 역삼동 641-1",37.502942837788,127.035125091842,02-558-8890,"클래식 초코칩쿠키 (2,500원), 스모어쿠키 (4,500원), 시즌쿠키 (변동가격), 아메리카노 (4,000원), 쿠키라떼 (6,000원), 사과유자티(only hot) (6,000원), 사과유자에이드 (6,500원), 히비스커스티 레모네이드 (5,500원), 허브티 (5,500원)"
