이름,평점,리뷰수,주소,전화번호,메뉴,리뷰
새벽집 청담점,3.3,230,"서울 강남구 도산대로101길 6
(지번) 청담동 129-10",02-546-5739,"꽃등심 (150g) (85,000원), 양념갈비 (260g) (85,000원), 생고기(150g) (85,000원), 불고기(200g) (42,000원), 샤브샤브(160g) (42,000원), 육회(200g) (42,000원), 국수전골 (32,000원), 간장게장 (28,000원), 한우 갈비탕 (28,000원), 육회비빔밥 (16,000원), 따로국밥 (11,000원), 콩나물 국밥 (11,000원), 멸치 김치찌개 (11,000원), 돼지 김치찌개 (11,000원), 조랭이 만두국 (11,000원)",후기 없음
홍명,3.7,469,"서울 강남구 논현로131길 10 1층
(지번) 논현동 37-9",02-548-2223,"짜장면 (9,000원), 간짜장 (11,000원), 짬뽕 (11,000원), 사천탕면 (10,000원), 볶음짬뽕 (10,000원), 잡채볶음밥 (11,000원), 유산슬밥 (18,000원), 짬뽕밥 (11,000원), 볶음밥 (10,000원), 마파두부밥 (10,000원), 오향장육 (40,000원), 양장피 (40,000원), 유산슬 (45,000원), 팔보채 (48,000원), 탕수육 (33,000원), 깐풍기 (33,000원), 칠리새우 (40,000원), 멘보샤 (40,000원), 고추잡채 (40,000원), 동파육 (50,000원)",후기 없음
대가방 본점,3.3,432,"서울 강남구 봉은사로 333 1층 101~102호
(지번) 논현동 278-4",02-544-6336,"오품냉채 (78,000원), 사품냉채 (68,000원), 두가지냉채 (52,000원), 해파리냉채 (44,000원), 두부와오리알 (29,000원), 오향장육 (52,000원), 오향족발 (52,000원), 굴소스통삭스핀(1인)(2인이상) (96,000원), 해물삭스핀 (소) (63,000원), 북경식 삭스핀 (84,000원), 게살삭스핀 (소) (57,000원), 게살삭스핀 스프 (49,000원), 새우튀김 (56,000원), 토마토케찹새우 (56,000원), 칠리새우 (56,000원), 깐풍새우 (56,000원), 칠리소스중새우 (소) (52,000원), 깐풍소스중새우 (소) (52,000원), 칠리소스왕새우(1p)(2p이상) (17,000원), 깐풍소스왕새우(1p)(2p이상) (17,000원), 멘보샤 (소) (39,000원), 돼지고기탕수육 (33,000원), 소고기탕수육(안심) (70,000원), 오향삼겹살 (55,000원), 삼겹살과짜장볶음 (55,000원), 쇠고기짜장볶음 (55,000원), 소고기와자연송이 (55,000원), 부추잡채 (52,000원), 고추잡채 (52,000원), 라조기 (49,000원), 깐풍기 (49,000원), 닭과고추볶음 (49,000원), 유린기 (54,000원), 전가복 (소) (64,000원), 류삼스 (소) (40,000원), 팔보채 (소) (40,000원), 양장피 (소) (33,000원), 난전완자 (소) (32,000원), 신라스프 (34,000원), 누룽지탕 (49,000원), 게살볶음밥 (12,000원), 마파두부밥 (12,000원), 새우볶음밥 (12,000원), 잡채밥 (15,000원), 쇠고기덮밥 (16,000원), 류삼스밥 (17,000원), 잡탕밥 (21,000원), 유니짜장면 (8,500원), 해물짜장면 (13,000원), 소고기탕면 (14,000원), 대가탕면 (13,000원), 해물울면 (13,000원), 해물짬뽕 (13,000원), 물만두 (9,000원), 중국식냉면 (여름계절메뉴) (18,000원)",후기 없음
밍글스,4.2,216,"서울 강남구 도산대로67길 19 힐탑빌딩 2층
(지번) 청담동 94-6",02-515-7306,"DINNER (350,000원), LUNCH (280,000원), 4잔 페어링 (170,000원), 우리 술 페어링 (170,000원), 시그니쳐 페어링 (280,000원)",후기 없음
중앙해장,4.1,"1,599","서울 강남구 영동대로86길 17 육인빌딩 1층
(지번) 대치동 996-16",02-558-7905,"한우양선지 해장국 (14,000원), 한우내장탕 (16,000원), 한우1++양지곰탕 (16,000원), 한우우족탕 (23,000원), 한우1++양지수육 (중) (47,000원), 곱창전골 (중) (67,000원)",후기 없음
뽕나무쟁이 선릉본점,4.2,688,"서울 강남구 역삼로65길 31 1층
(지번) 대치동 896-5",02-558-9279,"모둠족발 (중) (42,000원), 모둠족발 (대) (47,000원), 모둠족발 (특대) (65,000원), 뽕족발 (중) (40,000원), 뽕족발 (대) (45,000원), 뽕족발 (특대) (63,000원), 양념족발 (중) (40,000원), 양념족발 (대) (45,000원), 양념족발 (특대) (63,000원), 쟁반막국수 (13,000원), 참치김치찌개 (10,000원)",후기 없음
맛짱조개,4.1,844,"서울 강남구 언주로134길 18 1층
(지번) 논현동 115-4",02-516-4787,"조개찜 (중) (55,000원), 가리비 숙회 (25,000원), 포뜬 산오징어 (28,000원), 키조개 (25,000원), 참골뱅이 (40,000원), 조개탕 (30,000원), 새우뽕 (35,000원), 피문어 (변동가격)",후기 없음
가담,3.3,242,"서울 강남구 언주로167길 35 1층
(지번) 신사동 608-8",02-545-5163,"짜장면 (9,000원), 잡탕밥 (15,000원), 특색 냉채 (60,000원), 송이 전복 (65,000원), 해삼 전복 (65,000원), 게살스프또 (12,000원), 산라탕 (7,000원), 옥수수스프 (6,000원), 전가복 (84,000원), 사천팔보채헬레브 (74,000원), 유산슬 (40,000원), 게살야채볶음 (48,000원), 양장피 (38,000원), 마라관자 (45,000원), 깐풍관자 (45,000원), 마파두부덮밥 (10,000원), 짬뽕밥 (10,500원), 새우볶음밥 (10,000원), 짜장밥 (10,000원), 북경짬뽕 (10,000원), 삼선울면 (10,000원), 삼선우동 (10,000원), 볶음면 (10,000원), 쇠고기탕면 (10,000원), 중국냉면 (12,500원), 부추굴짬뽕 (13,000원)",후기 없음
을밀대 강남점,3.6,305,"서울 강남구 테헤란로4길 46 지하1층
(지번) 역삼동 826-37",02-552-1922,"물냉면 (16,000원), 수육 (소) (50,000원), 녹두전 (1장) (13,500원), 홍어무침 (90,000원), 비빔냉면 (16,000원), 수육 (대) (100,000원), 회냉면 (20,000원), 한우 양지탕밥(동절기메뉴) (가격정보 없음), 한우 육개장(동절기메뉴) (가격정보 없음)",후기 없음
시추안하우스 삼성점,3.3,162,"서울 강남구 테헤란로87길 29 M타워 1층
(지번) 삼성동 154-11",02-508-1320,"마라 소고기 전골 (46,000원), 해산물 마라샹궈 (45,000원), 라즈지(순살) (36,000원), 동파육 위드 번 (45,000원), 시추안 유린기 (36,000원), 사천 통새우 완탕 (21,000원), 대게살 볶음 (55,000원), 꿔바로우 (36,000원)",후기 없음
크래버대게나라 강남점,4.2,375,"서울 강남구 언주로 620 현대인텔렉스빌딩 1층
(지번) 논현동 261",02-547-7998,"대게 코스 (1kg) (변동가격), 킹크랩 코스 (1kg) (변동가격), 랍스타 코스 (1kg) (변동가격)",후기 없음
평양면옥,3.2,176,"서울 강남구 논현로150길 6 1층
(지번) 논현동 66-2",02-549-5378,"제육 (34,000원), 제육반 (17,000원), 편육 (37,000원), 편육반 (19,000원), 냉면 (15,000원), 온면 (15,000원), 만두국 (15,000원), 비빔냉면 (15,000원), 접시만두 (15,000원), 접시만두반 (8,000원), 제육반 편육반 (36,000원), 불고기 (38,000원), 어복쟁반 大 (100,000원), 어복쟁반 小 (60,000원)",후기 없음
큰물참치 강남점,4.0,149,"서울 강남구 테헤란로2길 27 패스트파이브빌딩 1층 102호
(지번) 역삼동 826-26",02-538-2979,"실버 (45,000원), 골드 (58,000원), 다이아몬드 (80,000원), 프리미엄 (100,000원), 로얄 (130,000원), 특정식 (43,000원), 정식 (33,000원), 초밥 (20,000원), 회덮밥 (12,000원)",후기 없음
백마김씨네 도곡점,4.4,75,"서울 강남구 남부순환로 2743 지하1층,1-3층
(지번) 도곡동 180-1",02-579-7113,"양념갈비 정식 (54,000원), 생갈비 정식 (65,000원), 한우 불고기 정식 (47,000원), 꽃등심 (78,000원), 생등심 (69,000원), 한우 안심 (83,000원), 눈꽃살 (82,000원), 안창살 (93,000원), 한우 육회 (49,000원), 생갈비 (65,000원), 양념갈비 (54,000원), 한우 불고기 (47,000원), 돼지갈비 (39,000원), 육회 탕탕이 (56,000원), 떡갈비정식 (런치) (48,000원), 떡갈비정식 (디너) (58,000원), 보리굴비 정식 (런치) (48,000원), 양념갈비 정식 (런치) (54,000원), 보리굴비 정식 (디너) (58,000원), 생갈비 정식 (런치) (65,000원), 한우 불고기 정식 (런치) (47,000원), 소고기 샤브 (런치) (48,000원), 소고기 버섯 샤브 (런치) (51,000원), 특 등심 샤브 (65,000원), 특 등심 버섯 샤브 (69,000원), 산 불낙지 전골 (52,000원), 황제 산 불낙지 전골 (60,000원), 한우 생등심 정식 (런치) (69,000원), 한우 모둠 정식 (런치) (78,000원)",후기 없음
하모,3.4,74,"서울 강남구 언주로 819 HB빌딩 2층
(지번) 신사동 627-17",02-515-4266,"진주비빔밥 (19,000원), 헛제사밥 (16,000원), 조선잡채 (45,000원), 육전 (45,000원), 육회 (120g) (50,000원), 석쇠불고기 (50,000원), 차돌박이 구이 (60,000원), 하모반상 (38,000원), 진주반상 (63,000원), 제철반상 (83,000원)",후기 없음
청국장과보리밥 수서점,3.4,151,"서울 강남구 광평로46길 5-5 1-2층
(지번) 수서동 450-4",02-3414-3313,"감자전 (18,000원), 해물파전 (20,000원), 시골보쌈 (중) (43,000원), 청국장과보리밥 (12,000원), 떡갈비정식 (17,000원), 자연채쌈정식 (18,000원), 수육정식 (19,000원), 코다리정식 (22,000원), 보리굴비정식 (27,000원), 모두부 (16,000원), 두부구이 (19,000원), 떡갈비 (20,000원), 철판더덕두루치기 (26,000원), 수육 (28,000원), 코다리더덕구이 (30,000원), 보리굴비 (32,000원), 시골보쌈 (대) (53,000원)",후기 없음
광양본가 강남역국기원사거리본점,4.2,80,"서울 강남구 테헤란로 124 삼원타워 1층
(지번) 역삼동 823",02-555-8494,"한우 생갈비 (220g) (68,000원), 한우 안창살 (120g) (59,000원), 한우 꽃등심 (120g) (49,000원), 한우 꽃살치 (120g) (49,000원), 한우 광양등심 (120g) (30,000원), 양념갈비 (가격정보 없음), 불고기 (가격정보 없음), 갈비탕 (가격정보 없음), 육비 (가격정보 없음), 밀면 (가격정보 없음)",후기 없음
호화반점,3.2,104,"서울 강남구 선릉로161길 5 1,2층
(지번) 신사동 664-25",,"짜장 (8,000원), 해물잡탕밥 (15,000원), 복분자 (12,000원), 고추잡채밥 (11,000원), 닭고기덮밥 (10,000원), 소고기덮밥 (10,000원), 잡채밥 (9,000원), 마파두부밥 (9,000원), 고추짬뽕밥 (9,000원), 짬뽕밥 (9,000원), 새우볶음밥 (8,000원), 군만두 (8,000원), 차돌짬뽕 (12,000원), 굴짬뽕 (12,000원), 우육탕면 (10,000원), 사천탕면 (10,000원), 고추짬뽕 (9,000원), 간짜장 (9,000원), 짬뽕 (9,000원), 사천탕수육 (25,000원), 깐소중새우 (35,000원), 찹쌀탕수육 (25,000원), 탕수육 (23,000원), 깐풍중새우 (35,000원), 전가복 (65,000원), 크림중새우 (35,000원), 해물누룽지탕 (34,000원), 팔보채 (34,000원), 해물잡탕 (34,000원), 류산슬 (34,000원), 양장피 (28,000원), 유린기 (29,000원), 깐풍기 (29,000원), 라조기 (29,000원), 고추잡채 (34,000원), 라조육 (27,000원), 난자완스 (30,000원), 냉채 (45,000원), 삼선샥스핀 (70,000원), 게살샥스핀 (65,000원), 해삼탕 (70,000원), 마파두부 (22,000원), 가상두부 (22,000원), 호두새우완자 (35,000원)",후기 없음
라비옥,3.7,357,"서울 강남구 테헤란로25길 42 2층
(지번) 역삼동 628-7",02-538-8592,"숯불 LA갈비 덮밥 (10,000원), 더 드림 덮밥 (12,000원), 숯불 LA갈비 정식 (15,000원), 매콤 비빔칼국수 정식 (15,000원), 랭 콩 칼국수 정식 (15,000원), 라비 로스구이 (180g) (20,000원), 라비양념구이 (200g) (20,000원), 눈꽃 진갈비 로스구이 (150g) (29,000원), 눈꽃 진갈비 양념구이 (170g) (29,000원), 얼큰 육개장 (12,000원), 용대리 황태탕 (12,000원), 완도 미역국 (12,000원), LA갈비 곰탕 (12,000원), 제부도 바지락 칼국수 (9,000원), 매콤 비빔 칼국수 (9,000원), 랭 콩 칼국수 (10,000원)",후기 없음
애니홀,4.2,42,"서울 강남구 테헤란로77길 11-10 1층
(지번) 삼성동 143-12",02-563-3433,"알리오올리오 (13,000원), 날치알&새우크림파스타 (14,500원), 버섯크림리조또 (14,000원), 직화쭈꾸미덮밥 (13,000원), 치킨퀘사디아 (16,500원), 감바스알하이요 (19,000원), 직화쭈꾸미&소면 (20,000원), 골뱅이&소면 (20,000원), 모듬포 (22,000원), 파티플래터 (32,000원), 리코타치즈샐러드 (13,500원), 포모도로 (12,500원), 까르보나라 (14,000원), 치킨아라비아따 (14,500원), 해물짬뽕파스타 (14,500원), 게살커리리조또 (14,500원), 해물토마토리조또 (14,500원), 케이준치킨샐러드 (12,500원), 크리스피치킨 (19,000원), 토마토카프레제 (17,000원), 치즈플래터 (24,000원), 까르보떡볶이 (16,000원), 먹태구이 (18,000원), 나쵸&살사 (8,000원), 후라이드포테이토 (9,000원), 쥐포&땅콩 (14,000원), 모듬소세지 (18,500원)",후기 없음
우밀가 안동국시 선릉점,3.3,5,"서울 강남구 선릉로93길 26 2층
(지번) 역삼동 704-51",02-557-1855,"국시 (12,000원), 떡국 (14,000원), 수육 (소) (36,000원), 전 (소) (28,000원), 우밀정식 (25,000원)",후기 없음
대려도,3.8,98,"서울 강남구 역삼로 118 2층
(지번) 역삼동 833",02-555-0550,"삼선짬뽕 (14,000원), 삼선백짬뽕 (14,000원), 게살볶음밥 (16,000원), 광동탕수육(S) (39,000원), 삼선짜장면 (12,000원), 삼선볶음밥 (14,000원), 유림기(S) (39,000원), 전가복(S) (65,000원), 어향동고(S) (47,000원)",후기 없음
바이킹스워프 코엑스점,3.3,649,"서울 강남구 영동대로 513 컨벤션센터 2층
(지번) 삼성동 159",1644-4446,"성인 (변동가격), 어린이 (36개월 이상~만 12세) (변동가격), 성인(모엣룸) (변동가격)",후기 없음
무오키,4.4,241,"서울 강남구 학동로55길 12-12 2층
(지번) 청담동 38-4",010-2948-4171,"DINNER (240,000원), LUNCH (140,000원)",후기 없음
정식당,4.3,692,"서울 강남구 선릉로158길 11
(지번) 청담동 83-24",02-517-4654,"LUNCH SIGNATURE (200,000원), DINNER SIGNATURE (300,000원), 모듬김밥 (200,000원), 성게 구절판 (200,000원), 성게 비빔밥 (88,000원), 맛있는 김밥 (28,000원), 봄나물 김밥 (30,000원), 울릉도 메이플 (28,000원)",후기 없음
아트몬스터 강남역점,4.1,318,"서울 강남구 테헤란로1길 28-3 1-2층
(지번) 역삼동 817-5",02-6448-6110,"윈터킹덤/330ml, ABV 10% (9,000원), 운짱 / 10ml, ABV 5.3% (170원), 청담동며느리/10ml, ABV 5.4% (170원), 몽크푸드 / 10ml, ABV 4.3% (170원), 이태원프리덤/10ml, ABV 4.9% (170원), 첫사랑의향기/10ml, ABV 5.4% (170원), 창세기 / 10ml, ABV 4.9% (230원), 수다스폰서 /10ml, ABV 5.9% (190원), 사랑범벅 / 10ml, ABV 5.9% (190원), 핵존심 / 10ml, ABV 8.8% (210원), 넘사벽 / 10ml, ABV 6.7% (230원), 순살 매운 간장 치킨(BEST) (18,900원), 금사빠 / 10ml, ABV 5.1% (190원), 피자 아몽(BEST) (17,900원), 더블 치즈 페페로니 피자(인기) (16,900원), 청양 페페로니 피자(인기) (16,900원), 순살 프라이드 치킨 (17,900원), JMT로제 떡볶이 순살 치킨 (18,900원), 순살 프라이드 치킨 (17,900원)",후기 없음
더바른정육식당 강남신논현본점,4.3,82,"서울 강남구 강남대로 482 1층
(지번) 논현동 199-4",02-541-7935,"바른 소한마리(500g) (139,000원), 바른 큰소한마리(700g) (189,000원), 바른 해우한마리(700g) (229,000원), 새우살,한창살,살치살(100g) (42,000원), 제주 근고기(600g) (67,000원), 한우등심(150g) (45,000원), 한우부채살(150g) (46,500원), 한우업진살(150g) (46,500원), 한우갈비살(150g) (46,500원), 한우안심(150g) (48,000원), 제주흑돼지오겹살(170g) (19,800원), 제주흑돼지목살(170g) (19,800원), 제주항정살(170g) (19,800원), 제주가브리살(170g) (19,800원), 한우육회(200g) (35,000원)",후기 없음
삼원가든,,381,"서울 강남구 언주로 835
(지번) 신사동 623-5",02-548-3030,"삼원 전통 양념갈비 (62,000원), 한우 생갈비 (120,000원), 한우 특생갈비 (150,000원), 한우 등심 생불고기 (58,000원), 삼원 냉면 (물/비빔/온) (20,000원), 삼원 갈비탕 (22,000원), 육개장 갈비탕 (23,000원), 보양 갈비탕 (40,000원), 도가니 우족탕 (40,000원), 제육 (40,000원), 돌솥 비빔밥 (22,000원), 육회 비빔밥 (28,000원), 전복죽 (35,000원)",후기 없음
하영각,3.9,105,"서울 강남구 개포로31길 8
(지번) 개포동 1262-14",02-572-5593,"누룽지탕 (45,000원)",후기 없음
알베르,3.0,695,"서울 강남구 강남대로102길 34
(지번) 역삼동 618-11",02-566-6181,"알베르시그니처아이스크림라떼 (8,000원), 티라미수 (7,000원), 패션후르츠 에이드 (8,000원), 블루베리 에이드 (8,000원), 아메리카노 (6,000원)",후기 없음
한일관 압구정점,3.4,113,"서울 강남구 압구정로38길 14
(지번) 신사동 619-4",02-732-3735,"불고기 1939 (33,000원), 차돌박이구이와 낙지볶음 (27,000원), 등심로스편채 (27,000원), 차돌박이구이와 향채무침 (25,000원), 탕평채 (13,000원), 냉면 (12,000원), 전통갈비탕 (19,000원), 된장찌개 (13,000원)",후기 없음
장사랑,3.7,55,"서울 강남구 언주로165길 7-4
(지번) 신사동 624-47",02-546-9994,"보리굴비 (26,000원), 고등어구이 (16,000원), 대파육개장 (12,000원), 들깨수제비 (12,000원), 바싹불고기（360g） (32,000원), 쭈꾸미볶음 (18,000원), 묵사발 (12,000원), 제육볶음 (18,000원), 해물파전 (18,000원), 김치부추전 (16,000원), 바싹불고기（180g） (20,000원), 간장게장（제주황게） (26,000원), 열무비빔밥 (12,000원), 메밀김치국수 (12,000원), 고등어김치찜 (14,000원), 등뼈김치찌개 (12,000원), 김치알솥밥 (13,000원), 공기밥 (2,000원), 된장찌개 (4,000원), 콜라 355mL (3,000원), 스프라이트 355mL (3,000원)",후기 없음
진대감 선릉점,4.7,"1,983","서울 강남구 테헤란로70길 25 101호
(지번) 대치동 895-11",02-564-1253,"한우차돌삼합대표 (29,000원), 한우투뿔모듬(No.9) (99,000원), 한우파김치전골대표 (55,000원), 한우차돌박이 (29,000원), 한우꽃게된장찌개 (12,000원), 키조개관자장비빔밥 (10,000원), 한우차돌짬뽕라면 (10,000원), 갓김치물냉면 (10,000원), 갓김치비빔냉면 (10,000원), 구수한누룽지 (8,000원), 날치알볶음밥 (6,000원), 점심)즉석한우불고기 (14,000원), 점심)한우꽃게된장찌개밥상 (12,000원), 점심)한돈파김치전골밥상 (11,000원), 점심)키조개관자장비빔밥상 (10,000원), 점심)한우차돌짬뽕라면밥상 (10,000원), 점심)갓김치물냉면 (10,000원), 점심)갓김치비빔냉면 (10,000원), 콩나물찜 (6,000원)",후기 없음
이자카야나무 대치점,4.3,210,"서울 강남구 선릉로86길 37 덕우빌딩 지하1층
(지번) 대치동 890-45",02-566-6787,"스시정식 (27,000원), 모둠사시미 (중) (56,000원), 참치사시미 (18pcs) (55,000원), 계란초밥 (2pcs) (2,000원), 광어초밥 (2pcs) (4,500원)",후기 없음
미미면가 본점,3.6,554,"서울 강남구 강남대로160길 29 1층
(지번) 신사동 521-16",0507-1413-5466,"냉소바 (9,000원), 우메보시 (10,000원), 어묵튀김 (10,000원), 가지튀김 (10,000원), 새우튀김(1p) (10,000원)",후기 없음
꿍탈레,3.9,197,"서울 강남구 압구정로10길 14
(지번) 신사동 531-1",02-543-5358,"뿌님팟퐁커리（M） ＋ 공기밥 （P1） (22,000원), 돼지고기 팟끄라파오 （B1） (12,000원), 게살볶음밥 （B3） (10,000원), 카오산 돼지고기 튀김 덮밥 （B6） (13,000원), 꿍탈레세트A （Set A） (30,000원), 꿍탈레세트B（Set.B） (31,000원), 꿍탈레세트 C_랭쎕_돼지등뼈요리＋공기밥（Set.C） (39,500원), 꿍탈레 세트D _랭쎕（돼지등뼈요리）＋ 공기밥 （Set.D） (40,500원), 고수 （팍치, 샹차이 ） 추가 (1,000원), 마늘볶음밥 추가 (2,000원), 공기밥 (1,000원), 피클 추가 (500원), 랭쎕 （태국식 돼지 등뼈 요리） ＋ 공기밥 (31,000원), 얌운센 （D1） (15,000원), 솜땀타이 （D2） (12,000원), 솜땀_발라_태국젓갈이 들어있어요 （D3） (13,000원), 텃만꿍 3개 （D4） (6,000원), 해물짜조 4개 （D5） (6,000원), 점보 야채 춘권 4개 （D6） (6,000원), 모듬튀김 6개 （D7） (8,000원), 새우볶음밥 （B4） (10,000원), 카오산 치킨 덮밥 （B7） (13,000원), BBQ 닭고기 덮밥 （카우만까이양） （B8） (14,000원), 파인애플 새우 볶음밥 （B9） (12,000원), 새콤 팟타이 새우 （F1） (10,000원), 담백 팟씨유 새우 （F2） (10,000원), 똠얌 새우 쌀국수 （A1） (12,000원), 소고기 쌀국수 （A2） (11,000원), 똠얌꿍 （M） （A3） (15,000원), 비건 솜땀（V1） (12,000원)",후기 없음
마포숯불갈비,3.4,40,"서울 강남구 도산대로 232 1층
(지번) 논현동 62-3",02-516-1522,"한우투뿔등심 (59,000원), 한우투뿔갈비살 (59,000원), 한우차돌박이 (38,000원), 한우언양불고기 (38,000원), 왕생갈비 (59,000원), 왕양념갈비 (56,000원), 돼지갈비 (22,000원), 생오겹살 (22,000원), 냉동삼겹살 (15,000원)",후기 없음
명동관,4.0,172,"서울 강남구 남부순환로 2912 그랑프리앤상가 지하 103호
(지번) 대치동 500",02-563-8882,"명품한상 (49,000원), 명동관정식 (27,000원), 전복갈비찜 (중) (120,000원), 샤브샤브 (1인) (27,000원), 전복갈비탕 (23,000원), 갈비탕 (19,000원), 소고기 샤브샤브(1인) (27,000원), 만두전골(1인) (22,000원), 보쌈정식(1인) (19,000원), 명동관칼국수 (12,000원), 전복갈비찜 (대) (15,000원), 능이갈비탕 (26,000원), 전복능이갈비탕 (32,000원), 보쌈정식 (19,000원), 제육볶음 (13,000원), 뚝배기불고기 (16,000원), 꼬막비빔밥 (15,000원), 떡만두국 (15,000원), 돌솥비빔밥 (15,000원), 수제왕만두(5알) (12,000원)",후기 없음
마노디셰프 강남점,4.3,386,"서울 강남구 테헤란로 129 강남N타워 지하1층
(지번) 역삼동 648-9",02-553-5311,"프리미엄 씨푸드 파스타 (28,900원), 감태 페스토 & 씨푸드 보리 리조또 (31,900원), 이탈리안 가든 샐러드 (19,900원), 프리미엄 머쉬룸 샐러드 (21,900원), 스테이크 피자 (33,900원), 크랩 & 쉬림프 파스타 (25,900원), 그릴드 치킨&시저 샐러드 (19,900원), 프리미엄 아보카도 샐러드 (22,900원), 돌체 바게트 (8,900원), 바질페스토 & 문어 마팔디네 (29,900원), 봉골레 알리오올리오 파스타 (27,900원), 프리미엄 씨푸드 로제 리조또 (27,900원), 스테이크&스파이시 라이스 (29,900원), 블루베리&루꼴라피자 (29,900원), 고르곤졸라 피자 (24,900원), 마르게리따 피자 (25,900원), 할라피뇨 알리올리오 파스타 (25,900원), 부라타치즈 (15,900원), 돌체 바게트&가든 샐러드 (8,900원), 테트 드 무안치즈&프로슈토 파파르델레 (32,900원)",후기 없음
압구정곱창 본점,4.0,185,"서울 강남구 압구정로42길 25-8 1층
(지번) 신사동 643-21",02-511-0042,"한우곱창구이 (200g) (30,000원), 한우막창구이 (200g) (30,000원), 한우대창구이 (200g) (30,000원), 특양구이(200g) (33,000원), 한우곱창전골 (150g) (26,000원), 차돌박이 (30,000원), 양곱창볶음밥 (10,000원), 볶음밥 (4,000원)",후기 없음
우텐더 서울점,3.4,70,"서울 강남구 압구정로42길 25-10
(지번) 신사동 643-20",010-2055-3889,"안창살 (69,000원), 꽃등심 (63,000원), 진짜등심불고기 (43,000원), 한우김치볶음밥 (23,000원), 한우곰탕 (18,000원)",후기 없음
이태리부대찌개 학동점,3.8,4,"서울 강남구 학동로33길 15 1층
(지번) 논현동 82-15",02-545-0310,"（판매량1위）부대전골（햄6종류） (15,000원), （실속）부대찌개（햄2종류） (14,000원), （신상품）햄듬뿍부대전골 (16,000원), 부대볶음（불향가득 매콤한볶음） (16,000원), 우삼겹 부대볶음 (18,000원), 오직 부대전골 （ 밥X, 반찬X, 버터X ） (14,000원), 계란말이 (7,000원), 오직 부대찌개 （ 밥X, 반찬X, 버터X ） (13,000원), 스팸구이 (6,000원), 공기밥 추가 (1,000원), 라면사리 추가 (1,000원), 버터 추가 (500원), 코카콜라（355mL） (2,000원), 칠성사이다（355mL） (2,000원), 환타 파인애플（355mL） (2,000원), 코카콜라 제로（355mL） (2,500원)",후기 없음
압구정하루,4.1,387,"서울 강남구 언주로172길 56 1층
(지번) 신사동 663-9",02-514-5557,"냉모밀 (11,000원), 판모밀 (11,000원), 냉우동 (71,000원), 비빔모밀 (11,000원), 비빔우동 (11,000원), 온모밀 (11,000원), 유부우동 (9,000원), 돈가스 (12,000원), 우동돈가스 (14,000원), 카레돈가스 (14,000원), 카레라이스 (9,000원), 유부초밥 (5,000원), 뚝배기김치우동 (13,000원), 김치돈가스 (14,000원)",후기 없음
압구정면옥,4.1,212,"서울 강남구 압구정로30길 16 1층
(지번) 신사동 610-3",02-516-3016,"한우 손만두 전골 (50,000원), 한우 어복쟁반 (2~3인) (75,000원), 평양냉면 (14,000원), 평양냉면 프리미엄 (16,000원), 압구정 손만두 한 접시 (14,000원), 압구정 손만두 반 접시 (8,000원), 제육 한 접시 (32,000원), 제육 반 접시 (17,000원), 한우 육수 불고기 1인분 (35,000원), 비빔냉면 프리미엄 (15,000원), 한우 어복쟁반 (4~5인) (110,000원), 압구정 손만둣국 (11,000원), 비빔냉면 (14,000원), 한우 편육 한 접시 (34,000원), 한우 편육 반 접시 (18,000원), 녹두전 (13,000원), 프리미엄 육수캔 (250ml/작은캔) (4,000원), 프리미엄 육수캔 (500ml/큰캔) (7,000원), 동그랑땡 한 접시(2개) (25,000원)",후기 없음
이도곰탕 본점,4.1,341,"서울 강남구 논현로94길 29-5
(지번) 역삼동 671-17",02-569-0524,"곰탕 (13,000원), 특곰탕 (16,000원), 쌀면곰탕 (13,000원), 수육 (49,000원), 툭쌀면곰탕 (16,000원)",후기 없음
몽중헌 대치점,3.8,168,"서울 강남구 영동대로 325 S-TOWER 1층
(지번) 대치동 983-17",02-565-5757,"시그니처 딤섬 (9,800원), 광동식 전가복 (S) (60,000원), 유린기 (S) (32,000원), 후난식 볶음밥 (15,000원), 삼선 짬뽕 (14,000원), 탕수육 (60,000원)",후기 없음
빌즈 강남,3.2,460,"서울 강남구 테헤란로 142 아크플레이스 2층
(지번) 역삼동 736-1",02-568-1353,"신선한 생 오렌지 주스+생강주스 (13,000원), 아뮤니티샷+석류, 레드커런트, 생강, 꿀 (5,000원), 그련저 그린 (13,000원), 빌즈비트 (13,000원)",후기 없음
어거스트힐 강남점,4.0,"2,376","서울 강남구 강남대로106길 25 1층
(지번) 역삼동 616-18",02-568-8003,"토마호크 스테이크(100g당) (19,700원), 티본스테이크(100g당) (17,000원), 채끝스테이크 (39,900원), 비프 로제 파스타 (20,900원), 스모크치킨 퀘사디아 (13,900원), 비프 버터 라이스 (21,900원), 베이크드 레몬버터 랍스타 테일&쉬림프 (76,000원), 프레쉬 치즈 샐러드 (21,900원), 수제 베이컨 콥샐러드 (21,900원), 문어 먹물 리조또 (20,900원), 새우 오일 파스타 (20,900원), 까르보나라 (13,000원), 스파이스 치킨라이스 (14,000원), 베이컨 잠발라야리조또 (19,900원), 수비드 치킨 토마토 파스타 (19,900원)",후기 없음
동래정 선릉직영점,4.7,261,"서울 강남구 언주로98길 20 1층 101호
(지번) 역삼동 700-29",070-7543-9247,"정가브리(1인) (17,000원), 동태목살(1인) (17,000원), 통삼겹(1인) (17,000원), 갈매기(1인) (17,000원)",후기 없음
구구당,3.6,"4,464","서울 강남구 강남대로102길 35 지하1층
(지번) 역삼동 617-6",02-539-1979,"홍콩 큐브 스테이크 (19,000원), 블랙페퍼 큐브 스테이크 (19,000원), 새우볶음밥 (11,000원), 홍콩 파스타 (16,000원), 딴딴라구파스타 (16,000원), 버섯소이파스타 (14,000원), 치즈 라구 그라탕 (16,000원), 둥베이 꿔바로우 (22,900원), 구구당홍콩토스트 (9,000원), 연유꽃빵튀김 (4,000원), 왕새우탕면 (16,900원), 치킨차오면 (18,900원), 우육탕면 (16,900원)",후기 없음
피에프창 코엑스몰점,3.5,213,"서울 강남구 영동대로 517 아셈회관동 지하1층 P107호
(지번) 삼성동 159",02-551-4588,"창스 치킨 레터스랩 (23,900원), 핸드 폴디드 크랩 완탕 (13,000원), 다이너마이트 쉬림프 (17,900원), 에그 드랍 수프 (6,000원), 창스 스파이스 치킨 (20,900원), 크리스피 허니 치킨 (20,900원), 스위트 & 사워 치킨 (21,900원), 쿵파오 치킨 (22,900원), 몽골리안 비프 (31,900원), 크리스피 허니 쉬림프 (31,900원), 링 오브 파이어 쉬림프 (31,900원), 로메인 (20,900원), 창스프라이드라이스 (20,900원), 파티세트 I （2~3인） (68,500원), 파티세트 II （2~3인） (68,500원), 파티세트 III （4~5인） (127,500원), 핫 & 사워 수프 (15,900원), 완탕 수프 (7,000원), 차돌빨간탕 (2인) (31,800원), 시추안비프 (31,900원), 스위트 크리스피 포크 (22,900원), 화이트 쉬림프 (31,900원), 솔트&페퍼 프론 (32,900원), 사천식 가지요리 (19,900원), 양상추 (3,000원), 쌀밥 (1,000원), 현미 (1,000원), 펩시콜라（335mL） (2,500원), 칠성사이다（355mL） (2,500원)",후기 없음
인량 훠궈,4.1,457,"서울 강남구 강남대로140길 9 비피유빌딩 지하1층
(지번) 논현동 21-16",02-516-8777,"훠궈탕(두가지 맛) (8,900원), 훠궈탕(세가지 맛) (7,900원), 가물치(3판) (15,000원), 완자모둠 (14,900원), 야채모듬 (7,900원)",후기 없음
길목,4.2,541,"서울 강남구 영동대로129길 10 1층
(지번) 삼성동 58-6",02-518-9710,"투뿔목살(200g) (18,000원), 특오겹살(200g) (18,000원), 껍살(250g) (20,000원), 표고버섯 (6,000원), 오크라구이 (6,000원)",후기 없음
고메램 삼성점,3.5,477,"서울 강남구 삼성로96길 15 송영빌딩 2층
(지번) 삼성동 155-15",02-553-7805,"모둠 양갈비(450g) (60,000원), 생 양고기 살치살(150g) (24,000원), 생 양고기 등심(150g) (24,000원), 생 양갈비(220g) (27,000원), 고급 양갈비(220g) (28,000원)",후기 없음
청자골,4.2,132,"서울 강남구 역삼로77길 17 1층
(지번) 대치동 901-71",02-935-0609,"차돌된장찌개 (10,000원), 해물된장찌개 (10,000원), 내장탕 (12,000원), 한우육개장 (12,000원), 남도별미매생이탕 (20,000원), 꽁치김치찌개 (10,000원), 대창김치찌개 (12,000원), 한우육회비밤밥 (15,000원), 묵은지 김치찌개 (10,000원), 강진명품 토하젓 비빔밥 (13,000원), 김치찌개 (10,000원), 육회비빔밥 (15,000원), 옛날불고기 (15,000원), 비빔밥정식 (18,000원)",후기 없음
카츠바이콘반,4.2,713,"서울 강남구 선릉로153길 36 1층
(지번) 신사동 647-22",02-547-3903,"카츠마끼 (2pc.) & 우동 (14,000원), 카츠마끼 (7pc.) (18,000원), 멘치카츠 (1pc.) & 우동 (14,000원), 멘치카츠 (14,000원), 로스카츠 (등심) (17,000원), 상로스카츠 (상등심) (19,000원), 히레카츠 (안심) (19,000원), 믹스카츠 (등심+안심) (23,000원), 온우동 (8,000원), 냉우동 (8,000원), 카츠마끼 (2pc.) (6,000원), 멘치카츠 (1pc.) (6,000원), 치킨 카라아게 (2pc.) (4,500원), 한입 카레 (5,000원), 포테토 사라다 (5,000원), 키린 生맥주 (435ml) (10,000원), 클라우드 병맥주 (330ml) (5,000원), 오늘의 니혼슈 (100ml) (10,000원), 오늘의 쇼츄 (60ml) (10,000원), 소프트 드링크 (3,000원)",후기 없음
모찌방,4.2,103,"서울 강남구 삼성로75길 41 1층 101호
(지번) 대치동 905-21",070-4007-6851,"말차모찌 (3,200원), 곡물 오하기모찌 (2,800원), 밤 오하기모찌 (3,500원), 제주 유기농 세작 (6,800원), 말차라떼 (6,500원), 말차아이스크림 (4,800원)",후기 없음
스시코우지,4.3,340,"서울 강남구 도산대로 318 어넥스 B동 3층
(지번) 논현동 92",02-541-6200,"스시 오마카세 (런치) (150,000원), 사사미 오마카세 (런치 평일만 가능) (180,000원), 스시 오마카세 (디너) (270,000원)",후기 없음
현우동,3.7,626,"서울 강남구 논현로149길 53 래성빌딩 101호
(지번) 논현동 11-1",02-515-3622,"카케우동 (9,000원), 키츠네우동 (11,000원), 키자미우동 (11,000원), 타마고토지우동 (12,000원), 멘타이코앙카케타마고토지우동 (16,000원), 니꾸우동 (13,000원), 샤브니꾸우동 (15,000원), 아사리우동 (13,000원), 텐뿌라우동 (14,000원), 카레우동 (12,000원), 카츠카레우동 (15,000원), 멘타이코가마바타우동 (16,000원), 자루우동 (9,000원), 텐자루우동 (14,000원), 텐뿌라붓카케우동 (14,000원), 토리텐붓카케우동 (14,000원), 에비텐모찌우동 (14,000원), 카레동(카레덮밥) (12,000원), 텐동(튀김덮밥) (13,000원), 카츠동 (13,000원)",후기 없음
온달집 본점,3.8,196,"서울 강남구 강남대로152길 28 1층
(지번) 신사동 514-4",02-512-5262,"닭다리살 (13,000원), 닭똥집 (13,000원), 치즈떡볶이 (14,000원), 간장마요밥 (6,000원), 꼼장어 (13,000원), 무뼈닭발 (13,000원), 심야오뎅탕 (18,000원), 심야우동 (7,000원)",후기 없음
칙피스 가로수길점,4.1,185,"서울 강남구 강남대로152길 69 1층
(지번) 신사동 540-18",02-6956-6780,"비건 샐러드 （vegan） (12,000원), 부채살 스테이크 라이스 (17,500원), 로스트 치킨 라이스 (12,500원), 오리지널 허무스 （vegan） (10,000원), 치킨 샐러드 (12,000원), NEW 그릭 샐러드 (13,500원), NEW 비건 아보카도 샐러드 (14,500원), 부채살 스테이크 샐러드 (17,000원), 팔라펠 라이스 （vegan） (12,500원), 그릴드 쉬림프 라이스 (16,000원), 허무스 (4,500원), NEW 미트볼 샐러드 (14,500원), 그릴드 쉬림프 샐러드 (15,500원), 연어 스테이크 샐러드 (16,500원), NEW 미트볼 라이스 (15,000원), NEW 로스트 우삼겹 라이스 (15,000원), 연어 스테이크 라이스 (17,000원), 비건 샥슈카 (15,000원), NEW 오리지널 샥슈카 (11,000원), NEW 가지 미트볼 그라탕 (15,000원), NEW 가지 미트볼 그라탕 (15,000원), 감자튀김 (5,500원), 가지 튀김 (6,500원), 팔라펠 (6,000원), 로스트 우삼겹 （오리지널 샥슈카 토핑 강추） (6,500원), 미트볼5ea（오리지널 샥슈카 토핑 강추） (6,000원), 피타 빵 (3,500원), 옐로우라이스 (3,500원), 팔라펠（5pcs） (6,000원), 아보카도 (4,000원)",후기 없음
신사전,3.6,305,"서울 강남구 도산대로11길 18 1층 1호
(지번) 신사동 536-3",0502-5551-6958,"모듬전(소) (변동가격), 육전 (변동가격), 해물부추전 (변동가격), 감자전 (변동가격), 치즈감자전 (변동가격), 새우듬뿍미나리전 (변동가격), 수육 (변동가격), 두부김치 (변동가격), 살얼음 골뱅이무침 (변동가격), 맑은닭전골 (변동가격), 외할머니김치찌개 (변동가격), 미국아저씨 아이스크림 (변동가격)",후기 없음
텍사스데브라질 압구정점,3.7,593,"서울 강남구 논현로 854 지하 1층
(지번) 신사동 603-1",02-3442-7734,"평일 점심(성인) (58,000원), 평일저녁/주말/공휴일 (성인) (78,000원)",후기 없음
나향반점,4.0,38,"서울 강남구 선릉로111길 43
(지번) 논현동 277-1",02-6052-6054,"사천탕수육 (22,000원), 유림탕수육 (25,000원), 팔보채 (30,000원), 깐풍기 (28,000원), 짜장면 (7,000원)",후기 없음
네모집 논현점,4.2,83,"서울 강남구 논현로149길 12 1층
(지번) 논현동 7-9",02-545-5804,"네모 숙성 갈비살 (150g) (64,000원), 네모 숙성 안심 (150g) (69,000원), 네모 숙성 등심 (150g) (65,000원), 네모 숙성삼겹살 (170g) (22,000원), 네모 숙성목살 (170g) (22,000원), 네모 양념고기 (안심) (69,000원), 네모숙성꼬들살 (22,000원), 한우된장라면 (10,000원), 돼지고추장찌개 (10,000원), 한우차돌철판볶음밥 (20,000원), 냉모밀국수 (9,000원), 누룽지 (5,000원), 통마늘튀김 (7,000원)",후기 없음
바스버거 역삼점,4.0,168,"서울 강남구 테헤란로26길 10 성보빌딩 지하1층
(지번) 역삼동 736-55",02-568-6654,"하와이안버거 (9,800원), 더블 바스버거 (11,300원), 치즈버거 (6,700원), 바스버거 (7,800원), 핫치킨 디럭스 (8,500원), 와사비마요 쉬림프버거 (10,900원), 더블베이컨치즈버거 (11,300원), 머쉬룸버거 (11,300원), 탐욕버거 (14,000원), 트리플 바스버거 (14,800원)",후기 없음
강남보물섬,3.2,179,"서울 강남구 테헤란로20길 11-1
(지번) 역삼동 736-19",02-566-3563,"연어 (60,000원), 10p 초밥 (20,000원), 15p 초밥 (30,000원), 20p 초밥 (40,000원), 도미머리술찜 (35,000원), 방어김치찜 (35,000원), 우럭탕 (30,000원), 전복죽 (25,000원), 해물모듬 (65,000원), 전복회 (10,000원), 전.개.멍 （전복, 개불, 멍게） (55,000원), 뿔.개.멍 （뿔소라, 개불, 멍게） (55,000원), 멍게 (40,000원), 돌명게 (40,000원), 일반개불 (30,000원), 여수개불 (40,000원)",후기 없음
자매수산 1호점,,330,"서울 강남구 봉은사로18길 90 2층
(지번) 역삼동 619-30",02-501-5534,"우럭매운탕 (30,000원), 해물라제비 (8,000원), 해물라면 (6,000원), 톡톡알밥 (6,000원), 찰광어 + 연어회 (소) (50,000원)",후기 없음
까폼 본점,4.0,"1,035","서울 강남구 선릉로153길 18 지하1층
(지번) 신사동 655-15",02-6081-7318,"똠얌꿍 (20,000원), 뿌님팟퐁커리 (28,000원), 랭쎕 (30,000원), 팟 카파오 무 쌉 (13,000원), 카오 팟 (12,000원), 카오 카무 (13,000원), 그린 커리 (13,000원), 레드(파냉)커리 (13,000원), 마사만커리 (13,000원), 카오만 까이 (13,000원), 팟 씨유 (13,000원), 팟 키마오 (13,000원), 꾸에이띠어우느아 (12,000원), 똠얌 남콘 (14,000원), 똠얌 남싸이 (14,000원), 팟타이 (13,000원), 커무양 (18,000원), 카무 (24,000원), 쏨땀 (13,000원), 얌운센 (15,000원)",후기 없음
커피루소 청담점,4.1,91,"서울 강남구 선릉로158길 16 다현빌딩 1층
(지번) 청담동 88-22",02-545-9935,"아메리카노 (6,500원), 카페라떼 (7,500원), 필터커피 (변동가격), 더치큐브라떼 (11,000원)",후기 없음
왓쇼이켄,4.3,245,"서울 강남구 테헤란로4길 46 쌍용플래티넘밸류상가 지하1층 B120호
(지번) 역삼동 826-37",02-508-5127,"돈코츠라멘 (9,000원), 아까라멘 (9,000원), 미소라멘 (9,500원), 교카이돈코츠라멘 (10,000원)",후기 없음
모리향,3.1,62,"서울 강남구 역삼로 419 1층
(지번) 대치동 906-22",02-501-1515,"해물 특 짬뽕 (13,000원), 차돌짬뽕 (10,000원), 짜장+돈까스 (10,000원), 굴짬뽕 (10,000원), 삼선짬뽕 (10,000원), 삼선볶음밥 (10,000원), 새우볶음밥 (10,000원)",후기 없음
보영만두 선릉점,4.0,29,"서울 강남구 삼성로85길 42 1층 103-B호
(지번) 대치동 891-26",02-566-1237,"찐만두(고기/김치) (7,000원), 군만두(고기/김치) (8,000원), 만두국(고기/김치) (9,000원), 떡만두국(고기/김치) (9,000원), 쫄면(안매운맛/중간맛/매운맛) (8,000원), 물냉면 (8,000원), 비빔냉면 (8,000원), 떡국 (9,000원)",후기 없음
윤화돈까스,3.5,162,"서울 강남구 도곡로 221 셀라빌딩 1층
(지번) 역삼동 787-12",02-3463-0863,"돈까스 (14,000원), 반반까스 (15,000원), 윤화정식 (16,000원), 돼지함박까스 (15,000원), 소함박까스 (16,000원), 제육볶음 (17,000원), 생선까스 (15,000원), 고구마치즈까스 (14,000원), 치즈까스 (14,000원), 치킨까스 (14,000원), 갈비탕 (16,000원), 피쉬앤칩스 (19,000원), 야채추가 (1,000원), 공기밥 추가 (1,000원), 고추 추가（3개） (1,000원), 마카로니 추가 (2,000원), 스프 (500원), 된장국 (500원), 코카콜라 500ml (3,000원), 스프라이트 500ml (3,000원)",후기 없음
봉산집,2.9,29,"서울 강남구 삼성로 564
(지번) 삼성동 145-19",02-552-5898,"차돌박이 (31,000원), 양 (28,000원), 아롱사태 (30,000원), 차돌된장찌개 (10,000원), 양밥 (20,000원)",후기 없음
화로상회 강남논현점,3.8,34,"서울 강남구 학동로2길 31 2층
(지번) 논현동 144-4",02-540-8592,"14세 이상 (17,500원), 8세~13세 (12,900원), 6세~7세 (6,900원), 물냉면 (6,000원), 비빔냉면 (6,000원), 소주 (5,000원)",후기 없음
커피빈 신논현역점,4.3,12,"서울 강남구 봉은사로 108 글라스톤빌딩 1층
(지번) 역삼동 601",02-569-9061,"（S）아메리카노 (5,000원), （S）바닐라라떼 (6,400원), (S)제주 첫물 말차 IB (7,100원), （S）퓨어더블초코렛 IB (6,600원), （R）달고나크림 아이스 블렌디드 (6,700원), 플레인베이글 (4,300원), 회의실 세트(TOGO BOX) (57,600원), 설향 딸기 커스터드 라떼 (7,500원), （S）카페라떼 (5,900원), (S) 카페모카 (6,600원), （S）헤이즐넛라떼 (6,900원), （S）헤이즐넛아메리카노 (5,500원), （S）카페수아 (7,000원), （S）캐러멜마키아또 (6,900원), （R）달고나크림라떼 (5,500원), （R）에스프레소 달고나크림라떼 (6,200원), （S）바닐라 빈 오트 콜드브루 (6,300원), （S）바닐라 빈 오트 라떼 (6,100원), （S）콜드브루 (5,200원), （S）콜드브루 라떼 (6,100원), （S）콜드브루 수아 (7,000원), （S）더블초콜릿 (6,300원), 자몽주스 (4,900원), （S）헤이즐넛 IB (7,100원), （S）바닐라 IB (6,600원), (S) 카페 모카 IB (6,800원), （S）캐러멜 IB (7,100원), （S）베리베리 IB (7,000원), （S）후레쉬망고 IB (6,700원), （R）망고바나나IB (7,000원)",후기 없음
금수복국 압구정점,3.5,113,"서울 강남구 언주로 821 금수빌딩 2,3층
(지번) 신사동 627-13",02-542-5482,"커플세트 (20,000원), 복물회 (23,000원), 모둠튀김 (35,000원), 까치복튀김 (32,000원), 은복튀김 (29,000원), 골뱅이 복껍질 무침 (28,000원), 복껍질무침 (18,000원), 복껍질튀김 (27,000원), 곤이튀김 (27,000원), 복회무침 (36,000원), 금수복탕수 (32,000원), 금수복깐풍 (32,000원), 복 사시미(소) (75,000원), 철판복불고기 (35,000원), 복육회 (32,000원), 전복 산낙지 복전골 (65,000원), 활참복찜 (165,000원), 까치복찜(소) (70,000원), 밀복수육(소) (68,000원), 은복수육(소) (45,000원)",후기 없음
캘리포니아피자키친 코엑스점,4.4,162,"서울 강남구 영동대로 513 1층 E002호
(지번) 삼성동 159",0507-1430-6502,"+쌀가루로 만든 피자 도우 (2,500원), 캘리포니아 클럽 피자 (22,900원), 핑크 허머스볼 (14,900원), 비욘드미트버거 (17,900원), 캘리포니아 빠네 (18,900원), 스테이크 갈릭 리조또 (18,900원), 파이어 그릴드 스테이크 (48,900원)",후기 없음
카페413프로젝트 역삼점,4.2,349,"서울 강남구 논현로97길 19-11
(지번) 역삼동 640-9",070-7798-0544,"아메리카노 (5,000원), 카페 라떼 (5,800원), 플랫 빈센트 (ICE) (6,200원), 시그니처 밀크티 (6,800원), 라임 모히또 (8,000원)",후기 없음
빌리엔젤 강남역점,2.9,106,"서울 강남구 테헤란로1길 48 강남ELS빌딩 1층
(지번) 역삼동 619-16",070-5051-8135,"밀크 크레이프 조각 (6,900원), 딸기 크레이프 조각 (7,200원), 당근 케이크 조각 (7,600원), 레드벨벳 케이크 조각 (8,100원), 밀크 크레이프 1호 (35,000원), 레드벨벳 케이크 1호 (43,000원), 우주 케이크 1호 (41,000원), 오레오마카롱 (2,800원), 스페셜티 아메리카노 (4,600원), 카라멜마키아또 (5,600원), 커스터드 바닐라 수건케이크 (7,500원), 쿠키 카페오레 수건케이크 (7,500원), 피스타치오 쇼콜라 수건케이크 (7,500원), 제주말차 단팥 수건케이크 (7,500원), 딸기한라봉 스무디 (6,200원), 한라봉 요거트 스무디 (6,200원), 한라봉 코코라떼 (6,200원), 한라봉 애플 블렌딩 티 (6,500원), 쌍화차 (5,500원), 얼박 (6,000원), 우주 케이크 조각 (7,800원), 쇼콜라 봉봉 케이크 조각 (8,900원), 딸기 크레이프 1호 (36,000원), 티라미수 크레이프 1호 (39,000원), 당근 케이크 1호 (39,000원), 자몽 케이크 1호 (39,000원), 쇼콜라 봉봉 케이크 1호 (47,000원), 바닐라빈 마들렌 (3,300원), 얼그레이 마들렌 (3,300원), 단호박 마들렌 (3,300원)",후기 없음
청초수물회섭국 강남점,3.8,131,"서울 강남구 압구정로28길 24 1층
(지번) 신사동 576-6",02-516-5050,"일반물회（1인분） (21,000원), 성게알 비빔밥（1인분） (22,000원), 성게알 미역국（1인분） (21,000원), 보양 전복죽（1인분） (18,000원), 전복 회 무침（2~3인분） (67,000원), 해전물회 （2인분） (50,000원), 해전물회（1인분） (29,000원), 붉은 대게살 비빔밥（1인분） (20,000원), 활 전복 회 덮밥（1인분） (24,000원), 섭국（1인분） (17,000원), 오징어순대（1마리） (16,000원), 섭전복국（1인분） (22,000원), 모듬막회 (120,000원), 사이다 (2,000원), 콜라 (2,000원), 토닉워터 (3,000원), 한입 인절미 떡 (13,000원), 오징어밥식해 500g (15,000원)",후기 없음
조인바이트,3.7,282,"서울 강남구 봉은사로68길 8 덱스빌딩 1층 101호
(지번) 삼성동 114-44",02-3444-3611,"한돈목살 깍두기 볶음밥 (22,000원), 올리브 잠봉 바게트 (19,000원), 그래놀라 리코타 (26,000원), 씨트러스 부라타 (28,000원), 들깨 알리오 올리오 (22,000원), 갑오징어 오일 (29,000원), 명란 대파 크림 (29,000원), 우삼겹 미나리 로제 (29,000원), 랍스터 토마토 (38,000원), BBQ 타레 폭립 (38,000원), 우대 갈비 (86,000원), 한우 채끝 스테이크 (88,000원), 닭목살 리조또 (34,000원), 살치살 트러플 리조또 (36,000원), 한우 안심 카르파치오 (28,000원), 토마토 닭봉 스튜 (44,000원), 프렌치 프라이 & 고추장마요 (18,000원), 오늘의 스프 (15,000원), 씨푸드 그릴 플래터 (88,000원)",후기 없음
맥도날드 삼성역점,2.8,47,"서울 강남구 삼성로92길 29 도일빌딩 1층
(지번) 삼성동 158-15",02-6203-4600,"한입초코츄러스3조각 (가격정보 없음), 맥스파이시 상하이 투움바 (가격정보 없음), 슈비 투움바 (가격정보 없음), 더블 쿼터파운더 치즈 (가격정보 없음), 맥스파이시 상하이 버거 (가격정보 없음), 토마토 치즈 비프 버거 (가격정보 없음), 빅맥 (가격정보 없음), 트리플 치즈버거 (가격정보 없음), 1955 버거 (가격정보 없음), 더블 불고기 버거 (가격정보 없음), 불고기 버거 (가격정보 없음), 슈슈 버거 (가격정보 없음), 슈비 버거 (가격정보 없음), 베이컨 토마토 디럭스 (가격정보 없음), 치즈버거 (가격정보 없음), 더블 치즈버거 (가격정보 없음), 햄버거 (가격정보 없음), 드립 커피 (가격정보 없음), 해쉬 브라운 (가격정보 없음), 후렌치 후라이 (가격정보 없음), 맥너겟 (가격정보 없음), 아메리카노 (가격정보 없음)",후기 없음
위트앤미트 강남점,4.2,"1,608","서울 강남구 강남대로110길 32
(지번) 역삼동 616-4",02-508-2396,"더블 올마이티버거 세트 (21,500원), 더블 치즈버거 세트 (19,500원), 올마이티 버거 세트 (17,000원), 치즈버거 세트 (15,000원), 더블 올마이티 버거 (16,000원), 더블 치즈버거 (14,000원), 올마이티 버거 (11,500원), 치즈버거 (9,500원), 파스트라미 퀸즈 (15,500원), 바질루꼴라 잠봉뵈르 (12,500원), 잠봉뵈르 (11,500원), 애플 브리치즈 바게트 (13,500원), 퍼프 페퍼로니 피자 (18,900원), 칠리치즈 프라이즈 (9,800원), 치폴레 프라이즈 (6,500원), 치즈 프라이즈 (6,500원), 프렌치 프라이즈 (5,500원), 클램 차우더 스프 (7,300원), 당근라페 (4,500원), 코울슬로 (3,800원)",후기 없음
용수사,4.5,47,"서울 강남구 삼성로86길 7 삼성빌딩 2층
(지번) 대치동 942-5",02-567-1516,"주방장스페샬 (180,000원), 참치혼마구로코스 (150,000원), 모듬사시미 진 (150,000원), 모듬사시미 선 (120,000원), 모듬사시미 미 (100,000원), 복사시미코스 (변동가격), 평일 주말 저녁정식 코스 (60,000원)",후기 없음
옛날집 청담본점,3.4,61,"서울 강남구 선릉로148길 38 1층
(지번) 청담동 20-12",02-549-7888,"생불고기전골 (45,000원), 한방돼지갈비찜 (40,000원), 가자미식해 (20,000원), 옛날집 디럭스 (35,000원), 가자미구이갈비찜정식 (30,000원)",후기 없음
남원추어탕,4.4,8,"서울 강남구 테헤란로69길 16 1층
(지번) 삼성동 143",02-558-2243,"추어탕 (13,000원), 추어정식 (17,000원), 추어튀김 (소) (15,000원), 추어물만두 (8개) (13,000원), 추어군만두 (8개) (13,000원)",후기 없음
비플레이트 바이브라운브레드,3.8,74,"서울 강남구 논현로24길 41 1층
(지번) 도곡동 456-7",070-8658-1236,"소프트로프 (10,900원), 3가지 버섯과 페타치즈 포카치아 샌드위치 (11,900원), 치킨샌드위치 (13,900원), 라우겐베이글 샌드위치 (10,900원), 브레칠 (6,100원)",후기 없음
네기스키야키 압구정점,4.0,324,"서울 강남구 논현로 854 지하 1층
(지번) 신사동 603",02-543-1060,"우니반판 (27,000원), 우니한판 (49,000원), 덴푸라모리아와세 (35,000원)",후기 없음
한티옥,4.1,503,"서울 강남구 도곡로 418 강원빌딩 1층
(지번) 대치동 1024-4",02-552-5289,"안동국시 (14,000원), 안동국밥 일반 (14,000원), 안동국밥 특 (21,000원), 양지국밥 일반 (14,000원), 양지국밥 특 (21,000원), 곤드레비빔밥 (13,000원), 왕만두 3알 (7,000원), 보쌈 中（중） (35,000원), 보쌈 大（대） (47,000원), 부추김치 550g (15,000원), 만두국 (15,000원), 콩국수 (14,000원), 공기밥 (1,000원), 콩국 (13,000원), 왕만두 6알 (12,000원), 동태전 (25,000원), 홍어무침 (20,000원), 보쌈 고기 추가 (17,000원), 한우수육 (40,000원), 한우수육 大 (58,000원), 녹두전 1쪽 (11,000원), 녹두전 2쪽 (20,000원), 깻잎 450g (18,000원), 배추김치 600g (15,000원), 코카콜라 355mL (2,000원), 스프라이트 355mL (2,000원)",후기 없음
어람촌,5.0,241,"서울 강남구 언주로98길 22 102호
(지번) 역삼동 700-30",02-539-1711,"풍천민물장어 (37,000원), 산꼼장어 (2인분이상) (35,000원), 쭈꾸미구이 (15,000원), 국내산 매생이 (12,000원), 쭈꾸미덮밥 (12,000원)",후기 없음
해목,4.1,"1,709","서울 강남구 선릉로145길 14 1-2층
(지번) 논현동 95-21",02-6203-0021,"히츠마부시 (40,000원), 카이센동 (38,000원), 특히츠마부시 (59,000원), 어린이 장어덮밥 (12,000원), 특카이센동 (52,000원), 연어+참치+네기도로 (25,000원), 참치+네기도로 (24,000원), 生연어+참치 (28,000원), 生연어+네기도로 (23,000원), 마구로 타다키 (19,000원), 모둠튀김 (13,000원), 크림 부라타치즈 (8,000원), 모찌리도후 (9,000원)",후기 없음
황태마을,4.7,15,"서울 강남구 테헤란로78길 14-6 지하1층
(지번) 대치동 891-61",02-555-1732,"황태설렁탕 (8,000원), 아침황태설렁탕 (7,000원), 황태식사구이 (정식) (11,000원), 황태전복탕 (16,000원)",후기 없음
빽돈 신논현점,4.1,123,"서울 강남구 학동로2길 58 1층
(지번) 논현동 164-13",02-518-0773,"모듬세트 (79,900원), 갈비본살(150g) (20,000원), 본삼겹(150g) (17,000원), 항정살(120g) (12,000원), 꼬들살(120g) (12,000원), 더티폭탄 계란찜 (7,000원), 뽈정살(120g) (12,000원), 꽃살(120g) (11,000원), 뽈살(120g) (11,000원), 벌집껍데기(170g) (7,000원), 1+특별목살(150g) (16,000원), 트러플 크림 볶음밥 (9,000원), 로제 크림 볶음밥 (9,000원), 함박산 볶음밥 (10,000원), 오누이 청국장 (7,000원), 김치짜글이 (7,000원), 빽돈 비빔면 (7,000원), 빽돈냉면 (7,000원)",후기 없음
훠궈나라 강남점,3.5,411,"서울 강남구 봉은사로2길 35 소현빌딩 2층
(지번) 역삼동 813-8",02-554-7701,"훠궈 무한리필(평일점심) (15,800원), 훠궈 무한리필(저녁/주말/공휴일) (19,800원), 훠궈 무한리필(초등학생) (12,000원), 훠궈 무한리필(미취학아동) (8,000원)",후기 없음
서백자간장게장,4.3,29,"서울 강남구 삼성로 542 2층
(지번) 삼성동 151-4",02-552-2254,"간장게장 1마리 (38,000원), 양념게장 1마리 (40,000원), 큰간장게장 1마리 (46,000원), 큰양념게장 1마리 (48,000원), 아귀찜 (45,000원), 공기밥 (2,000원), 사이다 (3,000원)",후기 없음
대한민국,4.1,19,"서울 강남구 영동대로85길 17-5
(지번) 대치동 950-2",02-561-6320,"살치살 A++ (72,000원), 꽃등심 A++ (68,000원), 생등심 A++ (60,000원), 차돌박이 A++ (45,000원), 육회 A++ (49,000원), 숯불 삼겹살 (국내산) (18,000원), 한우 곱창전골 A++ (공기밥 포함) (27,000원), 국수전골 (죽 포함) (17,000원), 갈비탕 (16,000원)",후기 없음
풀몬티,4.4,232,"서울 강남구 논현로24길 18 1층
(지번) 도곡동 453",02-575-4531,"FULLMONTY (ENGLISH BREAKFAST) (25,000원), HUMMUS (15,000원), BEEF STROGANOFF (25,000원), CHIKEN TIKKA MASALA (20,000원), TOMATO SOUP (9,000원), CREAM MUSHROOM SOUP (9,000원), CHICKEN NOODLE SOUP (9,000원)",후기 없음
신사면옥,3.0,17,"서울 강남구 도산대로46길 11 논현오피스텔 1층
(지번) 논현동 96",02-518-7228,"한우 암소 생등심 (130g) (37,000원), 한우 암소 갈비살 (130g) (45,000원), 한우 암소 생갈비 (170g) (45,000원), 한우 암소 양념갈비 (200g) (42,000원), 한우암소생등심불고기 (130g) (35,000원)",후기 없음
후문포차,4.5,123,"서울 강남구 강남대로120길 28 1층
(지번) 논현동 182-31",,"낙지볶음 (23,000원), 부대전골 (20,000원), 고등어구이 (15,000원), 임연수구이 (16,000원), 파전 (23,000원)",후기 없음
온더보더 코엑스도심공항점,3.1,291,"서울 강남구 테헤란로87길 22 도심공항몰 1층
(지번) 삼성동 159-6",02-565-0682,"스무더드 스테이크 화이타 (39,500원), 아사다 스테이크 타코 (8,500원), 더블스텍클럽 퀘사디아 (33,000원), 클래식 부리또 치킨 (14,500원)",후기 없음
할리스 강남역점,3.1,63,"서울 강남구 강남대로 402 시계탑빌딩 1층
(지번) 역삼동 820-11",02-555-0890,"설향 생딸기 라떼 (6,900원), 설향 생딸기 주스 (7,300원), 미니니 딸기 요거트 할리치노 (6,900원), 딸기 쿠키앤크림 크레이프 (6,500원), 베리베리 딸기 요거트 (6,500원), 꿀모과차 (5,500원), 할리스 브런치 세트 (19,700원), 오렌지 자몽 생과일 주스 (6,600원), 토마토 생과일 주스 (6,600원), 티라미수 쏘스윗박스 파티팩 (34,000원), 쿠키앤크림 쏘스윗박스 파티팩 (34,000원), 블랙아리아 아메리카노 (5,000원), 블랙아리아 딥라떼 (5,800원), 카페 아메리카노 (4,500원), 디카페인 아메리카노 (4,900원), 바닐라 딜라이트 (6,200원), 바닐라 딜라이트（디카페인 원두 변경） (6,600원), 돌체라떼 (6,200원), 카페 라떼 (5,200원), 디카페인 카페 라떼 (5,600원), 카라멜 마키아또 (6,200원), 콜드브루 (5,000원), 콜드브루 라떼 (5,600원), 카페 모카 (5,800원), 콜드브루 딜라이트 (6,500원), 대추 생강차 (5,500원), 레몬 생강차 (5,500원), 제주 레몬 애플티 (5,800원), 복숭아얼그레이 (5,700원), 유자 캐모마일 (5,700원)",후기 없음
논현양꼬치,4.2,116,"서울 강남구 학동로6길 37
(지번) 논현동 138-22",02-516-9792,"훠궈 (48,000원), 고급양갈비 (30,000원), 모듬꼬치 (30,000원), 양꼬치 (15,000원), 양갈비살 (18,000원), 오징어 (15,000원), 닭날개 (16,000원), 새우구이 (20,000원), 닭염통 (13,000원), 소떡심 (13,000원), 소염통줄기 (12,000원), 마라샹궈 (30,000원), 경장육슬 (20,000원), 꿔보러우 (22,000원), 쌍라러우스 (20,000원), 라즈씨 (22,000원), 청양소고기볶음 (20,000원), 사천식수육볶음 (20,000원), 우육냉채 (20,000원), 향라갈비 (22,000원), 지삼선 (18,000원), 감자채 (15,000원), 쌍라새우 (20,000원), 마라룽샤 (38,000원), 어향육슬 (20,000원), 토마토계란볶음 (15,000원), 마파두부 (14,000원), 어향가지 (16,000원), 잡채볶음 (16,000원), 온면 (8,000원), 군만두 (7,000원), 찐꽃빵 (6,000원)",후기 없음
마장동박현규,4.4,46,"서울 강남구 강남대로128길 27 새호시티라이프빌딩 1층
(지번) 논현동 122-25",010-2436-2669,"0.1%한우 3cm 등심 (120g) (55,000원), 0.1 한우 특선 세트 (400g) (105,000원), 0.1% 한우 살치살 (120g) (60,000원), 0.1% 실속모듬 세트 (400g) (65,000원)",후기 없음
