이름,평점,리뷰수,주소,전화번호,메뉴
원조할아버지손두부,4.4,818,"서울 광진구 자양로 324 1층
(지번) 구의동 26-15",02-447-6540,"모두부(홀) (7,000원), 순두부(홀) (4,000원), 콩국수(계절메뉴) (7,000원), 서리태콩국수(계절메뉴) (10,000원), 콩물 (5,000원), 서리태콩물 (7,000원)"
송림식당,3.7,372,"서울 광진구 자양번영로 79
(지번) 자양동 227-138",02-457-5473,"돼지불백 (11,000원), 해장국 (9,500원), 김치찌개 (9,500원), 된장찌개 (9,500원)"
하이디라오코리아 건대점,4.3,534,"서울 광진구 능동로 110 스타시티 영존 A동 1층
(지번) 화양동 4-20",02-456-5683,"우삼겹(150g) (14,900원), 양갈비살(200g) (16,900원), 돈삼겹살(150g) (13,900원), 새우완자(100g) (10,900원)"
호야초밥참치 본점,2.8,544,"서울 광진구 능동로13길 39 한아름건물 1층
(지번) 화양동 10-1",02-461-3739,"A호야 12pcs (17,000원), （BEST）B특호야12pcs (21,000원), 로얄스시12pcs (36,000원), 참다랑어 (50,000원), 대뱃살 (50,000원), 모둠회（7종） (48,000원), 찐전복 （1pcs） (3,000원), 장어 1pcs (2,800원), 수제계란초밥（다테마끼） (1,600원), 호야 지라시 (12,000원), 회덮밥 (10,000원), 장어덮밥 (17,000원), C연어（양파소스）12pcs (25,000원), 호야 연어 모듬 12pcs (31,000원), 참다랑어 오도로 초밥 12pcs (61,000원), 참다랑어 가마도로&오도로（12pcs） (55,000원), 참다랑어 참치뱃살 12pcs (36,000원), 참다랑어 가마도로 12pcs (51,000원), 연어초밥（8pcs） (18,000원), 소고기 초밥 12pcs (26,000원), 광어 초밥 12pcs (26,000원), 광어6＋연어6 12pcs (29,000원), 소고기6＋연어6 12pcs (27,000원), 참이슬 후레쉬 (4,500원), 처음처럼 (4,500원), 진로 (4,500원), 테라 (4,500원), 카스 (4,500원), 청하 (5,000원), 매화수 (4,000원)"
이화만두,4.2,296,"서울 광진구 능동로 278-1 1층
(지번) 능동 282-3",02-455-3486,"왕교자 고기만두(5개) (7,000원), 왕교자 김치만두(5개) (7,000원)"
뽀빠이기사식당,2.9,87,"서울 광진구 긴고랑로 17-1
(지번) 중곡동 239-82",02-467-2445,"굴보쌈백반 (14,000원), 돈까스 (식사) (10,000원), 보쌈정식 (11,000원), 육개장 (식사) (7,000원), 보쌈 (대) (43,000원), 보쌈 (중) (37,000원), 보쌈 (소) (31,000원), 굴보쌈 (대) (54,000원), 굴보쌈 (중) (48,000원), 굴보쌈 (소) (42,000원), 돈까스 (안주) (15,000원), 육개장 (안주) (12,000원)"
체리커피,3.7,387,"서울 광진구 능동로 284 1층 체리커피
(지번) 능동 282-1",02-444-7222,"아메리카노(HOT) (4,500원), 카페라떼(HOT) (5,000원), 청포도에이드 (5,500원), 유기농말차라떼(HOT) (5,000원), 리얼쇼콜라떼(HOT) (6,000원)"
송화양꼬치,4.2,250,"서울 광진구 동일로18길 70 1층
(지번) 자양동 11-2",02-462-7826,"오리지널 양꼬치 (10꼬치) (18,000원), 송화양꼬치 (16,000원), 청경채표고버섯 (13,000원), 토마토계란볶음 (10,000원), 새우살청경채 (15,000원)"
도톰 본점,4.8,301,"서울 광진구 능동로 386 1층
(지번) 중곡동 31-9",02-444-4231,"도톰삼겹살 (180g) (16,000원), 도톰목살 (180g) (16,000원), 가브리살 (180g) (16,000원), 항정살 (180g) (19,000원), 볶음밥 (3,000원)"
소담촌 아차산역점,3.4,16,"서울 광진구 용마산로 10 3층
(지번) 중곡동 93-2",02-2201-8800,"월남쌈 샤브 (13,900원), 월남쌈 버섯 샤브 (17,800원), 월남쌈 와규 샤브 (17,800원), 우삼겹 구이&샤브 (15,000원), 돈삼겹 구이&샤브 (15,000원)"
비스타워커힐서울 피자힐,3.6,908,"서울 광진구 워커힐로 177
(지번) 광장동 22-1",1670-0005,"콰트로피자 (92,000원), 세이스피자 (104,800원), 하프앤하프피자 (69,600원)"
순금이떡볶이,3.0,117,"서울 광진구 자양로43길 43 1층
(지번) 구의동 53-14",02-455-8090,"깻잎떡볶이 (4,000원), 튀김(5개) (4,000원), 찹쌀순대 (5,000원), 라면 (4,000원), 계란2개 (1,500원), 1인세트 (7,500원), 깻잎떡볶이(비조리)1.5인분 (5,500원)"
성수완당 본점,4.4,"1,324","서울 광진구 아차산로26길 13 1층
(지번) 자양동 10-1",0507-1448-5243,"해장 완당면 (12,000원), 성수 완당면 (9,500원), 온면 (8,000원), 들기름골동면 (10,000원), 들기름골동반 (10,000원), 수제가지 만두 & 샐러드 (12,000원), 바질로제 돈까스 (12,000원), 촉촉바삭 돈까스 (10,000원), 매운완당면 (10,000원), 수제가지만두 (10,000원), 로제치킨새우돈까스 (15,800원), 청양에그마요치킨새우돈까스 (15,800원), 해장완당국밥 (12,000원), 성수온면 (8,000원)"
영미오리탕 군자점,4.0,535,"서울 광진구 동일로60길 53 천수빌딩 1층
(지번) 군자동 467-16",02-463-5222,"오리탕 (1마리) (61,000원), 오리탕 (반마리) (39,000원), 생로스 (61,000원), 주물럭 (61,000원)"
더이퀼리브리엄커피,4.4,553,"서울 광진구 아차산로30길 7 3층 더이퀼리브리엄 커피
(지번) 자양동 7-30",010-5551-6073,"수제 밀크티 (7,000원), 아메리카노 (5,500원), 딥바닐라 (6,500원), 밀크 카라멜 (6,500원), 블랙 라떼 black latte (6,500원), 카페라떼 (5,500원), 에스프레소 (4,500원)"
만경상회,4.6,12,"서울 광진구 동일로22길 40 1층
(지번) 화양동 49-14",02-6369-4603,"보꼬새연 (42,000원), '강릉 꼬막밥' (12,000원), 연어+육회 (35,000원), 신선 육회 (16,900원), 홍어삼합 (홍어+보쌈수육+묵은지) (45,000원), 통영 굴보쌈 (10월~4월) (30,000원), 신선 육보쌈(육회+보쌈) (28,000원), 강릉 두부보쌈김치 (23,000원), '슈페리어- 생(生)연어회' (21,000원), '소라 숙회' (20,000원), '수제 간장새우' (16,000원), '30cm 해물파전' (18,900원), '30cm 김치해물전' (16,900원), '통오징어 짬뽕탕' (25,000원), '모듬 어묵탕' (16,000원), '붉은 대게내장밥' (9,900원)"
군자대한곱창 본점,3.0,54,"서울 광진구 능동로36길 10 1층
(지번) 능동 221-2",02-456-5207,"대한모둠곱창 (20,900원), 차돌곱창 (19,900원), 모둠곱창 (18,900원), 한우소곱창 (22,900원), 소곱창 (17,900원), 소대창 (17,900원), 소막창 (17,900원), 특양 (19,900원), 대한차돌박이 (9,900원), 염통구이 (9,900원), 매운화양대창구이 (19,900원)"
애드앤드,4.6,88,"서울 광진구 광나루로26길 28 1층
(지번) 화양동 474-1",010-9254-0600,"아메리카노 (3,500원), 라떼 (4,000원), 슈페너 라떼 (5,500원), 오레오 쉐이크 (5,500원), 크림말차 (5,000원)"
순삼이네미나리삼겹살,4.3,212,"서울 광진구 자양로43길 18 1층
(지번) 구의동 55-24",,"생삼겹살 (15,000원), 냉삼 (14,000원), 정가브리살 (17,000원), 제주천겹살 (17,000원), 한우차돌박이 (19,000원), 청국장 (8,000원), 차돌된장찌개 (6,000원), 돼지김치찌개 (6,000원), 열무국수 (7,000원), 수제양념비빔국수 (7,000원)"
사월식당,4.2,95,"서울 광진구 자양로11길 4 달성빌딩 1층
(지번) 자양동 627-24",02-453-4730,"모듬사시미 (1인) (20,000원), 사시미고마아에 (15,000원), 시토미고노와다 (15,000원), 사시미슈토아에 (15,000원), 시로미세비체 (15,000원)"
건대우동집,3.8,180,"서울 광진구 아차산로 201 1층
(지번) 화양동 49-11",02-465-0417,"우동 (6,000원), 얼큰우동 (6,500원), 잔치국수 (7,000원), 비빔국수 (7,500원), 열무국수 (8,000원), 쫄면 (7,500원), 짜장 (6,000원), 비빔밥 (6,500원), 제육덮밥 (8,500원), 얼큰어묵우동 (7,500원), 야채김밥 (3,800원), 소고기마요김밥 (4,800원), 매콤소고기마요김밥 (5,000원), 참치김밥 (4,800원), 핫도그소세지마요김밥 (5,500원), 수제돈까스 (9,000원), 치즈돈까스 (9,500원), 국물떡볶이 (6,000원), 야끼만두 (3,500원)"
요비,4.7,866,"서울 광진구 아차산로29길 34 지층
(지번) 화양동 9-45",02-462-1080,"2인사시미 (35,000원), 통우럭튀김 (21,900원), 살치살 타다끼 (17,500원), 백김치 차슈모리 (16,500원), 모츠나베 (22,900원), 돼지고기 숙주볶음 (13,900원), 소고기 숙주볶음 (14,900원), 명란버터구이 (14,000원), 모듬꼬치6종 (15,800원), 핫닭껍질튀김 (10,900원)"
쉐프의콜렉션,4.2,132,"서울 광진구 자양로18길 72 1층
(지번) 구의동 243-5",010-7237-7680,"고등어회 (24,000원), 아보카도 생참치 후토마끼 (8pcs) (38,000원), 우니파스타 (33,000원), 가라아게 (19,000원), 숙성회 2인 (55,000원)"
건대 소몰이,4.1,81,"서울 광진구 동일로22길 17 1층
(지번) 화양동 44-61",02-467-3339,"소고기모듬한판 1kg (63,000원), 소고기모듬반판600g (45,000원), 소고기스페셜무한리필 (27,900원)"
구의동손칼국수,4.5,67,"서울 광진구 자양로 154 솔렌시아 1층 101, 102호
(지번) 구의동 251-177",02-455-0052,"칼국수 (8,000원), 수제비 (8,000원), 콩국수 (9,000원)"
매복식당,4.7,307,"서울 광진구 아차산로57길 10-1 1층 102호
(지번) 구의동 221-34",02-458-0427,"프리미엄 급랭삼겹(160g) (13,000원), 프리미엄 한우차돌(120g) (19,000원), 프리미엄 급랭목살(180g) (14,000원), 얼큰 삼겹 된장찌개 (8,000원), 밥도둑 흑돼지 김치찌개 (8,000원), 한라산 폭발 계란찜 (4,000원), 불닭볶음면 (4,000원), 날치알 볶음밥 (4,000원)"
릴버거,4.6,289,"서울 광진구 자양강변길 89 1층
(지번) 자양동 92-1",0507-1319-0455,"No. 1 치즈버거 (8,300원), No. 2 클래식버거 (12,800원), No. 3 할라피뇨 큐민 버거 (13,500원), 케이준 감자튀김 (4,500원), 어니언링 (6,500원), 고구마튀김 (5,500원), No.4 에그 베네딕트 버거 (14,500원)"
최원석의돼지한판 광장점,3.8,"2,459","서울 광진구 아차산로 478 1층
(지번) 구의동 199-15",02-447-4544,"숙성삼겹살 (160g) (16,000원), 숙성주먹고기 (160g) (16,000원), 주먹고기+삼겹살 (500g) (50,000원), 가브리살 (160g) (19,000원), 항정살 (160g) (21,000원)"
해피니스디저트 건대점,3.8,178,"서울 광진구 아차산로30길 31 1층
(지번) 자양동 6-58",0503-7151-4578,"대만식 타로볼 녹은빙수 · 芋圆 (변동가격), 양즈간루 디저트 · 杨枝甘露甜品 (6,000원), 버블 밀크티 · 奶茶 (변동가격), 홍콩식 우유푸딩 · 双皮奶 추천 (5,000원), 홍콩식 팬케익 · 班戟 (변동가격), 모찌 · 雪媚娘 (변동가격), 로우쏭 케익 · 肉松系列 (변동가격), 두유 케이크 · 豆乳盒子 (7,500원), 아메리카노 (3,800원), 크레이프 · 千层 (변동가격), 롤케익 · 毛巾卷 (7,900원), 케익 · 蛋糕 (변동가격), 대만식 화과자 · 酥糕点 (변동가격), 크렘 브륄레 · 焦糖布蕾 (4,500원), 코코넛 푸딩 · 椰奶冻 (4,000원)"
텐동한,3.8,146,"서울 광진구 능동로38길 32 1층
(지번) 중곡동 341-26",02-6080-5856,"스페셜텐동 (16,000원), 아나고텐동 (13,000원), 전복텐동 (13,000원), 한텐동 (10,000원), 에비텐동 (11,000원)"
수 숯불직화꼬치바베큐,4.0,76,"서울 광진구 천호대로111길 35 1층
(지번) 중곡동 141-22",02-458-5792,"특선닭꼬치 (3,000원), 롱다리닭꼬치 (3,000원), 염통꼬치(3개) (3,000원), 해물닭꼬치 (3,500원), 삼겹살꼬치 (3,500원), 닭발꼬치 (2,500원), 닭똥집꼬치 (2,500원), 모듬꼬치 (18,000원), 토마토베이컨 (3,000원), 소세지꼬치 (2,500원), 먹태 (13,000원), 번데기탕 (7,000원), 황도 (6,000원)"
마당족발,4.0,103,"서울 광진구 능동로 173 1, 2층
(지번) 화양동 111-119",02-468-3030,"족발(대) (45,000원), 보쌈(대) (45,000원), 족발(중) (40,000원), 냉채족발 (43,000원), 불족발 (43,000원), 치즈 불족발 (47,000원), 보쌈(중) (40,000원), 1인족발 (30,000원), 1인보쌈 (30,000원), 어묵탕(부산삼진어묵) (28,000원), 문어숙회 (40,000원), 홍어 (35,000원), 국산홍어 (변동가격), 참소라무침 (32,000원), 참소라숙회 (32,000원), 보쌈정식(평일점심메뉴) (10,000원), 뚝불고기정식(평일점심메뉴) (12,000원), 멸치국수(평일점심메뉴) (8,000원), 냉모밀(평일점심메뉴) (8,000원), 냉모밀(곱) 평일점심메뉴 (10,000원)"
능동아구찜,,"1,214","서울 광진구 천호대로 544 1, 2층
(지번) 군자동 473-18",02-467-9350,"아구찜 (변동가격), 해물찜 (변동가격), 아구수육 (변동가격), 아구탕 (변동가격), 아구탕지리 (변동가격), 해물탕 (변동가격), 꽃게찜 (변동가격), 꽃게탕 (변동가격), 아구탕(점심메뉴) (12,000원)"
대명소곱창,3.9,193,"서울 광진구 능동로 298 1층
(지번) 능동 279-2",,"생소곱창 (1인) (30,000원), 양구이 (1인) (30,000원), 막창 (1인) (30,000원), 대창 (1인) (30,000원), 모듬 (1인분) (30,000원), 염통(추가) (15,000원)"
함흥본가면옥 건대점,3.4,160,"서울 광진구 광나루로 456 1층
(지번) 화양동 302-25",02-447-8806,"물냉면 (10,000원), 비빔냉면 (10,000원), 회냉면 (11,000원), 갈비탕 (15,000원), 뚝배기불고기 (10,000원), 육개장(계절) (11,000원), 만두국(계절) (11,000원), 손만두 (8,000원), 석쇠불고기 (15,000원)"
시옌 건대점,4.1,62,"서울 광진구 능동로 137-8
(지번) 화양동 3-14",02-498-2280,"고추간자장 (9,900원), 유니자장면 (7,700원), 해물짬뽕 (9,900원), 차돌박이짬뽕 (9,900원), 고기볶음밥（건국대 인기메뉴） (8,800원), XO볶음밥（xo소스로 맛을낸 볶음밥） (11,000원), 차돌짬뽕밥 (11,000원), 탕수육 Small (18,700원), 군만두 8ea (8,800원), 탕수육 Regular (24,200원), 사천탕수육 Small (19,800원), 고추쟁반자장 2人分（분） (19,800원), 삼선간자장 (8,800원), 삼선자장면 (8,800원), 비프챠우면（광동식 볶음면） (12,100원), 해물우동 (11,000원), 해물울면 (11,000원), 기스면 (8,800원), 시옌면（매콤한소스＋국물없는 면） (11,000원), 물만두 12ea (6,600원), 삼선볶음밥 (9,900원), 해물짬뽕밥 (11,000원), 잡탕해물밥 (14,300원), 유산슬밥 (12,100원), 시옌밥（매콤한소스로 맛을낸 시옌특밥） (12,100원), 잡채밥 (9,900원), 고추잡채밥 (11,000원), 마파두부밥 (9,900원), 가지덮밥（대만 가정식덮밥&매장 인기메뉴） (12,100원), 물만두 12ea (6,600원)"
카레당,4.3,138,"서울 광진구 능동로 251 1층
(지번) 군자동 244",02-464-4022,돈까스카레 (0원)
미식광진 본관,3.7,960,"서울 광진구 광나루로 584 동서울빌딩 1층
(지번) 구의동 202-4",02-447-0909,"한우곰탕(밥제공) (18,000원), 만둣국 (15,000원), 비비작작골동면 (16,000원), 평양냉면 (13,000원), 미식광진면 (16,000원), 비빔냉면 (13,000원)"
어사랑횟집,3.4,10,"서울 광진구 동일로 164 1층
(지번) 화양동 24-1",02-464-3337,"모듬회(중) (33,000원), 도미(1kg) (50,000원), 연어회 (25,000원), 아구찜(3~4인) (19,900원), 뽈찜 (29,900원)"
아차산통갈비탕 아차산점,3.2,87,"서울 광진구 자양로 306
(지번) 구의동 31-7",02-6369-1008,"통갈비찜(소) (35,000원), 통갈비탕 (12,000원), 특통갈비탕 (15,000원), 치즈사리 (5,000원), 당면추가 (2,000원)"
시드누아 중곡센터점,3.5,36,"서울 광진구 천호대로127길 44
(지번) 중곡동 111-2",02-446-8115,"아메리카노 (4,500원), 카페라떼 (5,000원), 아인슈패너 (5,500원), 자몽차 (5,500원), 오가닉 루이보스 (4,500원)"
아빠찜 구의역점,4.9,132,"서울 광진구 자양로18길 96 베스트트레드빌 1층 101,102호
(지번) 구의동 243-2",02-456-7770,"아구찜 (37,000원), 코다리찜 (29,000원), 해물찜 (43,000원), 아구차돌불고기 (40,000원), 바샤삭해물전 (15,000원), 살마니아구찜 (41,000원), 알곤이찜 (37,000원), 볶음밥 (3,000원), 해물탕 (43,000원)"
고고기,4.4,83,"서울 광진구 아차산로 471 CS프라자빌딩 1층
(지번) 구의동 212-3",02-454-0092,"친환경 삼겹살 (160g) (14,000원), 친환경 목살 (160g) (14,000원)"
동서울손칼국수,4.3,29,"서울 광진구 구의강변로 35 삼진빌딩 1층
(지번) 구의동 596-6",02-3436-5300,"칼국수 (8,000원), 수제비 (9,000원), 콩국수 (11,000원), 찐만두 (9,000원), 칼만두국 (10,000원)"
육일관,3.4,635,"서울 광진구 아차산로31길 10
(지번) 화양동 8-35",02-464-6868,"혼합 숙성 프라임 가브리살 (120g) (16,000원), 혼합 숙성 프라임 삼겹살 (150g) (15,000원), 혼합 숙성 프라임 목살 (150g) (15,000원), 혼합 숙성 프라임 항정살 (120g) (17,000원), 혼합 숙성 한우꽃등심 (150g) (48,000원), 혼합 숙성 한우치마살 (100g) (42,000원)"
청도양꼬치 2호점,4.2,48,"서울 광진구 동일로18길 69
(지번) 자양동 9-6",02-499-8588,"양꼬치(10대) (13,000원), 양갈비살(10대) (15,000원), 탕수육 (12,000원), 온면 (6,000원), 가지볶음밥 (8,000원)"
광나루유황오리주물럭,4.1,33,"서울 광진구 군자로 180
(지번) 군자동 476-2",02-469-5171,"오리탕 한마리 (60,000원), 오리주물럭+탕(반마리) (29,000원), 오리주물럭+탕(한마리) (48,000원)"
먹거리집 구의동점,2.9,25,"서울 광진구 자양로18길 95
(지번) 구의동 221-28",02-3436-3383,"수육(중) (17,000원), 고기모듬(중) (20,000원), 오소리감투 (16,000원), 머릿고기 (중) (14,000원), 편육 (14,000원), 내장술국 (13,000원), 술국 (10,000원), 족발 (7,000원), 순대 (6,000원), 순대국밥 (9,000원), 특순대국밥 (10,000원), 내장국밥 (9,000원), 모듬순대국밥 (10,000원), 오소리국밥 (10,000원), 내장+순대국밥 (10,000원)"
장원참숯민물장어,5.0,22,"서울 광진구 면목로 30 1층
(지번) 군자동 470-5",02-497-8074,"간장구이 (1마리) (31,000원), 고추장구이 (1마리) (31,000원), 소금구이 (1마리) (31,000원)"
최고집풍천장어,4.1,19,"서울 광진구 아차산로51길 79 1층
(지번) 구의동 251-98",02-444-3392,"장어구이(1마리) (34,000원), 장어탕 (12,000원), 점심특선(1마리) (34,000원), 점심특선(반마리) (17,000원)"
깍뚝,,120,"서울 광진구 능동로19길 36 1층
(지번) 화양동 111-161",0507-1441-0280,"숙성 삼겹살 한판 (600g) (25,900원), 숙성 목살 한판 (600g) (25,900원), 숙성 삼겹살 반판 (300g) (15,900원), 숙성 목살 반판 (300g) (15,900원), 돼지갈비 (250~300g) (11,900원), 소갈비살 (150g) (13,900원)"
이자카야시선,3.3,106,"서울 광진구 아차산로33길 40-1 1층
(지번) 화양동 5-28",0507-1372-5582,"시선모듬사시미 (35,900원), 소고기스끼야끼(소유) (18,900원), 접시스끼야끼 (8,900원), 차돌플레이트 (8,900원), 시금치한우대창나베(미소) (18,900원), 한우육회&육사시미 (25,900원), 시선모듬꼬치 (18,900원), 단새우&우니 (38,900원), 소고기한우대창나베(소유) (18,900원), 메로구이 (20,900원), 시메사바(고등어초절임) (13,900원)"
명봉반점(명봉양꼬치),4.6,635,"서울 광진구 뚝섬로31길 59 1층
(지번) 자양동 4-1",02-498-8808,"크림새우 (18,000원), 유린기 (18,000원), 마라룽샤 (38,000원), 꿔바로우 (18,000원), 지삼선 (17,000원), 건두부볶음 (15,000원), 토마토계란 (17,000원), 마파두부 (15,000원), 계란볶음밥 (7,000원), 온면 (7,000원), 마라탕 (10,000원), 향라대하 (22,000원), 바지락볶음 (22,000원), 깐쇼새우 (18,000원), 가지볶음 (17,000원), 돼지고기고수 (17,000원), 양꼬치 (16,000원), 마라양꼬치 (18,000원), 양갈비살꼬치 (23,000원), 양고급갈비300g (33,000원)"
채선당월남쌈&샤브샤브 화양점,3.8,30,"서울 광진구 광나루로 369 두산위비파크 2층
(지번) 군자동 503",02-462-4555,"스페셜 샤브 (17,000원), 월남쌈 샤브샤브 (34,000원), 소고기 샤브 (15,000원), 한우 샤브샤브 (23,000원)"
미가담,4.3,35,"서울 광진구 자양로 165 1층
(지번) 구의동 254-114",02-2201-9595,"보리밥제육정식 (13,000원), 보리밥자반정식 (14,000원), 보리밥 (9,000원), 자반고등어 (9,000원), 육개장 (8,000원), 순두부 (7,000원), 고등어조림(2인이상주문) (10,000원), 뚝배기불고기 (10,000원), 콩국수(계절메뉴) (8,000원), 오리로스(예약주문) (55,000원)"
춘선만두,4.5,42,"서울 광진구 군자로 101 1층
(지번) 군자동 102-13",02-466-4398,"위샹루스 (15,000원), 해물볶음밥 (7,000원), 건두부볶음 (9,000원), 마파두부 (9,000원), 건두부무침 (6,000원), 지삼선 (13,000원)"
포몬스 건대점,4.2,295,"서울 광진구 아차산로 208 상록빌딩 1층
(지번) 자양동 8-3",02-461-1721,"V2. 월남쌈 커플 (2인) (39,500원), 고기폭탄 쌀국수 (14,500원), 푸팟퐁커리 (34,000원), 매운해산물 쌀국수 (13,500원), 베트남 스페셜 분짜 (14,000원), (한정) 스페셜 생아보카도&에그반미 (11,900원), P1. 시그니쳐 홍두깨 쌀국수 (11,500원), 하노이 수육국밥 (9,500원), P2 양지쌀국수 (10,500원), P3 양지, 차돌박이 쌀국수 (10,500원), P4 홍두깨, 차돌, 양지 쌀국수 (10,500원), P6 수육쌀국수 (12,000원), P9 닭쌀국수 (10,500원), 매운 홍두깨쌀국수 (12,500원), P10 해산물쌀국수 (11,000원), P13 똠얌꿍 (12,500원), 매운차돌쌀국수 (13,500원), P0 스페셜 사장님 쌀국수 (17,000원), (여름 한정) 냉수육 쌀국수 (11,500원), P5 힘줄(도가니)쌀국수 (15,000원)"
아차산손두부,2.8,44,"서울 광진구 영화사로 68 1층
(지번) 구의동 27-25",02-453-4238,"두부전골 소 (23,000원), 검정두부 (10,000원), 두부김치 (16,000원), 모두부 (7,000원), 두부전골 중 (35,000원), 두부전골 대 (45,000원), 두부삼합 (28,000원), 수육 (18,000원), 두부조림 (10,000원), 공기밥순두부 (8,000원), 공기밥콩비지 (9,000원), (계절)맷돌콩국수 (10,000원)"
미식일가,4.1,110,"서울 광진구 광나루로19길 9 1층
(지번) 군자동 373-9",010-5603-9282,"조개구이(미니) (29,900원), 조개찜(미니) (25,900원), 조개전골(미니) (25,900원), 비단가리비찜 (25,900원), 포구전골 (25,900원), 광어막회 (28,900원), 광어전복 회무침 (22,900원), 해산물세트 (35,900원), 참꼬막찜 (12,900원), 모듬튀김 (17,900원), 새우튀김 (15,000원), 오돌뼈주먹밥 (17,900원), 쭈새전 (17,900원), 새우전 (9,900원), 홍가리비찜 (25,900원)"
선남씨 자양점,3.1,52,"서울 광진구 자양번영로 62 1층
(지번) 자양동 611-1",02-456-8195,"참치회 (1인) (42,000원), 다이닝코스 (1인기준) (25,000원), 특별사시미코스 (1인기준) (80,000원), 모듬회 (35,000원), 불초밥 (20,000원)"
용문집,3.7,37,"서울 광진구 뚝섬로30길 44 1층
(지번) 자양동 48-38",010-8828-2070,"치마살(150g) (21,000원), 제비추리(150g) (21,000원), 막창모듬(150g) (21,000원), 돼지갈비(200g) (13,000원), 생오겹살(200g) (14,000원)"
짬뽕지존 아차산점,,265,"서울 광진구 천호대로 682 1층
(지번) 구의동 74-2",02-454-5060,"지존짬뽕 (12,000원), 지존짬뽕밥 (12,000원), 지옥짬뽕 (12,000원), 지옥짬뽕밥 (12,000원), 쌀국수짬뽕 (12,000원), 지옥쌀국수짬뽕 (12,000원), 수제비짬뽕 (12,000원), 지옥수제비짬뽕 (12,000원), 순두부짬뽕밥 (12,000원), 지옥순두부짬뽕밥 (12,000원), 순두부짬뽕면 (13,000원), 지옥순두부짬뽕면 (13,000원)"
요마시,4.5,23,"서울 광진구 천호대로102길 7 1층
(지번) 군자동 466-2",02-468-8788,"함박카츠 (11,000원), 치즈돈카츠 (9,000원), 등심돈카츠 (8,000원), 텐동 (10,000원), 안심돈카츠 (10,000원), 등심카레카츠 (8,500원), 치즈카레카츠 (9,500원), 치킨카레카츠 (8,500원), 차슈동 (8,000원), 라멘 (8,000원), 매운라멘 (8,500원)"
진곱창,4.2,21,"서울 광진구 아차산로 397 1층
(지번) 구의동 243-7",02-456-0866,"한우 곱창구이 (250g) (25,000원), 한우 대창구이 (250g) (25,000원), 막창구이 (250g) (25,000원), 염통구이 (200g) (15,000원), 곱창전골 (2인) (34,000원), 특양구이 (180g) (25,000원), 벌,유,홍창구이(200g) (17,000원), 특양4인모듬구이(900g) (79,000원), 모듬구이(2인) (41,000원), 모듬구이(3인) (57,000원), 모듬구이(4인) (69,000원)"
환이네갈비살 2호점,3.9,98,"서울 광진구 아차산로29길 47 1층
(지번) 화양동 34-11",02-466-6158,"소갈비살 (14,000원), 차돌박이(130g) (14,000원), 생삼겹살(170g) (12,000원), 차돌된장 (4,000원), 물냉면/비빔냉면 (7,000원), 한우육회 (20,000원)"
이삭토스트,2.7,4,"서울 광진구 아차산로30길 8 1층
(지번) 자양동 8-22",02-465-5949,"피자 토스트 (가격정보 없음), 칠리새우 토스트 (가격정보 없음), 햄치즈 포테이토 (가격정보 없음), 딥치즈 베이컨 (가격정보 없음), 프렌치 스크램블 (가격정보 없음), 프렌치 햄치즈 (가격정보 없음), 비프 라구 토스트 (가격정보 없음), 감자 비프 라구 (가격정보 없음), 감자 스페셜 (가격정보 없음), 더블치즈 불고기 (0원), 불고기 스페셜 (0원), 새우 토스트 (0원), 콘치즈 토스트 (0원), 트리플 소세지 토스트 (가격정보 없음), 햄 스페셜 토스트 (0원), 햄치즈 토스트 (가격정보 없음), 그릴드 불고기 (가격정보 없음), 그릴드 불갈비 (가격정보 없음), 딥치즈 베이컨 포테이토 (가격정보 없음)"
엘루이피자 건대점,4.1,43,"서울 광진구 아차산로33길 35 1층
(지번) 화양동 8-4",02-463-1365,"직화 불고기 피자 (19,900원), 페퍼로니 피자 (17,900원), 베이컨 포테이토 피자 (17,900원), 치즈 피자 (15,000원), 하와이안 피자 (17,900원), 고르곤졸라 피자 (17,900원), 양념치킨 (17,000원), 케이준 치킨 샐러드 (13,000원), 치즈시즈닝 감자튀김 (9,000원)"
아찌떡볶이,3.4,330,"서울 광진구 아차산로29길 53
(지번) 화양동 34-5",02-462-8340,"친구세트 (12,000원), 패밀리세트 (18,000원), 떡볶이 (4,000원), 찹쌀순대 (4,000원), 수제튀김 (4,000원), 부산어묵 (2,000원)"
화랑고기,4.1,61,"서울 광진구 동일로22길 91 2층
(지번) 화양동 8-99",,"화랑고기 무제한 무한리필 (18,800원), 화랑고기 스페셜 무제한 무한리필 (19,800원)"
짱구야학교가자 건대점,4.1,136,"서울 광진구 아차산로31길 19
(지번) 화양동 9-9",02-461-7708,"국물닭발 (17,900원), 순살크리미양파치킨 (18,900원), 순살깐풍치킨 (17,900원), 순살양념치킨 (16,900원), 순살후라이드치킨 (15,900원), 김말이떡볶이 (10,900원), 알만두계란탕 (7,900원), 게새（꽃게&새우）라면 (7,900원), 소떡소떡 (7,900원), 알만두튀김 (6,900원), 비빔면 (6,900원), 우삼겹낙지비빔밥 (23,900원), 치떡치떡（치킨＋떡볶이） (23,900원), 무뼈닭발 (18,900원), 크림짬뽕 (18,900원), 구운닭발 (18,900원), 낙지소면 (18,900원), 삼겹살비빔면 (17,900원), 고추장山（산）겹살 (17,900원), 골뱅이무침 (17,900원), 간장삼겹살 (17,900원), 홍합짬뽕 (17,900원), 나가사끼짬뽕 (17,900원), 치즈닭갈비 (16,900원), 꽃게알탕 (16,900원), 오돌뼈볶음 (15,900원), 김치찌개 (14,900원), 두부김치 (10,900원), 치즈계란말이 (10,900원), 계란말이 (8,900원)"
장순루,4.3,120,"서울 광진구 아차산로76길 11 1층
(지번) 광장동 325-1",02-447-8888,"자장면 (7,000원), 짬뽕면 (8,000원), 백짬뽕 (10,000원), 새우짬뽕 (12,000원), 고추짬뽕 (11,000원), 삼선짱뽐 (10,000원), 삼선간짜장 (10,000원), 삼선우동 (10,000원), 삼선울면 (10,000원), 기스면 (10,000원), 사천짜장 (10,000원), 초면 (12,000원), 쟁반짜장 (2인분) (20,000원), 굴짬뽕 (11,000원), 냉면 (11,000원), 야채당면 (12,000원), 새우탕면 (15,000원), 우육탕면 (18,000원), 잡탕밥 (18,000원), 산술밥 (5,000원), 소고기덮밥 (18,000원), 게살볶음밥 (10,000원), 새우볶음밥 (10,000원), 어향가지덮밥 (13,000원), 삼선볶음밥 (10,000원), 볶음밥 (8,000원), 사천마라탕 (3~4인분) (30,000원), 불도장 (1인분) (80,000원), 옥수수스프 (3~4인분) (30,000원), 전가복 (3~4인분) (100,000원), 팔보채 (3~4인분) (50,000원), 고추잡채 (3~4인분) (45,000원), 부추잡채 (3~4인분) (45,000원)"
연길왕꼬치 건대본점,,178,"서울 광진구 동일로18길 86 1층
(지번) 자양동 4-6",02-463-7741,"양꼬치 (16,000원), 양갈비살(10꼬치) (16,000원), 소갈비살(10꼬치) (15,000원), 마라새우닭날개 (25,000원), 어향가지 (15,000원)"
참치나라,3.6,37,"서울 광진구 아차산로 431
(지번) 구의동 667",02-447-0119,메뉴 없음
듀블럭,4.9,175,"서울 광진구 아차산로78길 157 1층
(지번) 광장동 187-2",070-5223-1878,"비프웰링턴 (49,800원)"
안주나라,4.1,79,"서울 광진구 동일로18길 23
(지번) 자양동 16-37",02-466-2702,"홍어삼합 (70,000원), 백합탕 (30,000원), 홍어애탕 (30,000원)"
비밀의화원 건대점,3.7,168,"서울 광진구 아차산로 235 3층
(지번) 화양동 7-13",02-499-1119,메뉴 없음
단골손님 건대점,,202,"서울 광진구 아차산로33길 34 1층
(지번) 화양동 5-65",02-466-3389,"돼지김치전골 (18,000원), 돼지두루치기 (19,000원), 파절이삼겹살 (19,000원), 홍천닭갈비 (19,000원), 사골닭매운탕 (19,000원), 곱창떡볶이 (19,500원), 차돌떡볶이 (17,000원), 곱창전골 (21,000원), 얼큰만두전골 (14,000원), 우차돌전골 (19,500원), 닭한마리황제전골 (22,500원), 대창모듬전골 (23,500원), 사골전골 (19,500원), 보쌈두부김치 (22,000원), 수육과김치구이 (19,500원), 곱창차돌철판구이 (20,500원), 꼬막갈비비빔밥 (23,500원), 육회갈비비빔밥 (23,500원), 육회비빔밥 (23,000원), 벌교꼬막비빔밥 (21,500원), 꼬막초무침 (19,000원), 수육과무침 (20,000원), 샤브샤브식맑은전골 어묵탕 (15,000원), 샤브식소고기궁중전골 (19,500원), 갈비한접시 (12,000원), 볶음밥 (2,000원), 간장계란밥 (4,000원), 참치마요주먹밥 (4,000원), 유부우동 (5,000원), 사골라면 (6,000원), 감자전 (12,000원), 부추전 (12,000원), 두부김치 (13,000원), 닭한마리칼국수 (14,000원), 차돌라볶이 (10,000원), 후르츠와황도 (6,000원), 파인샤베트 (7,000원)"
스타벅스 군자역점,3.5,72,"서울 광진구 천호대로 548 1,2층
(지번) 군자동 478-5",1522-3232,"아이스 슈크림 라떼 (6,500원), 슈크림 라떼 (6,500원), 스타벅스 딸기 라떼 (6,500원), 슈크림 쿠키 망고 라떼 (6,500원), 오늘의 커피 (4,500원), 카푸치노 (5,200원), 카페 라떼 (5,200원), 카페 모카 (5,700원), 카페 아메리카노 (4,700원), 카라멜 마키아또 (6,100원), 화이트 초콜릿 모카 (6,100원), 스타벅스 돌체 라떼 (6,100원), 자바 칩 프라푸치노 (6,500원), 망고 바나나 블렌디드 (6,600원), 아이스 자몽 허니 블랙 티 (5,900원), 자몽 허니 블랙 티 (5,900원), 콜드 브루 (5,100원), 디카페인 카페 아메리카노 (5,000원), 디카페인 카페 라떼 (5,500원), 제주 말차 라떼 (6,100원), 돌체 콜드 브루 (6,000원)"
애슐리퀸즈 강변점,,137,"서울 광진구 광나루로56길 85 테크노마트 9층
(지번) 구의동 546-4",0507-1411-3050,"애슐리퀸즈 (평일.런치) (19,900원), 애슐리퀸즈 (평일.디너) (25,900원), 애슐리퀸즈 (주말.공휴일) (27,900원), 애슐리퀸즈 초등 (평일.런치) (12,900원), 애슐리퀸즈 초등 (주말.공휴일) (15,900원), 애슐리퀸즈 미취학 (7,900원)"
팀스쿡 구의점,4.2,18,"서울 광진구 광나루로50길 10 1층
(지번) 구의동 202-16",02-447-0880,"포모도로 (15,000원), 아마트리치아나 (15,000원), 크로산테 (16,000원), 디마레 토마토 (17,000원), 스캄피 (16,000원)"
크레파스분식,4.4,81,"서울 광진구 자양로28길 22
(지번) 구의동 250-36",02-454-7179,"고추장떡볶이 (2,500원), 짜장떡볶이 (3,000원), 치즈떡볶이 (3,500원), 야끼만두 (700원), 김말이 (700원), 못난이 (700원), 계란 (700원), 떡사리 (2,500원), 쫄면사리 (1,500원), 오뎅사리 (1,500원), 라면사리 (1,500원), 물만두사리 (1,000원), 당면사리 (1,500원), 우동사리 (2,000원), 볶음밥 (2,500원)"
양촌리 구의점,2.4,132,"서울 광진구 아차산로 482 1-2층
(지번) 구의동 199-96",02-452-7271,"왕갈비탕(1인) (19,000원), 묵은지찜(1인) (12,000원), 돼지갈비(230g) (25,000원), 시래기고등어조림 (12,000원)"
스타벅스 건국대점,3.7,77,"서울 광진구 능동로 117 1,2층
(지번) 화양동 5-45",1522-3232,"아이스 슈크림 라떼 (6,500원), 슈크림 라떼 (6,500원), 스타벅스 딸기 라떼 (6,500원), 슈크림 쿠키 망고 라떼 (6,500원), 오늘의 커피 (4,500원), 카푸치노 (5,200원), 카페 라떼 (5,200원), 카페 모카 (5,700원), 카페 아메리카노 (4,700원), 카라멜 마키아또 (6,100원), 화이트 초콜릿 모카 (6,100원), 스타벅스 돌체 라떼 (6,100원), 자바 칩 프라푸치노 (6,500원), 망고 바나나 블렌디드 (6,600원), 아이스 자몽 허니 블랙 티 (5,900원), 자몽 허니 블랙 티 (5,900원), 콜드 브루 (5,100원), 디카페인 카페 아메리카노 (5,000원), 디카페인 카페 라떼 (5,500원), 제주 말차 라떼 (6,100원), 돌체 콜드 브루 (6,000원)"
동대문곱창,4.4,41,"서울 광진구 아차산로49길 9 1층
(지번) 구의동 246-51",02-455-9194,"야채곱창 (11,000원), 순대곱창 (12,000원), 알곱창 (12,000원), 소금막창 (12,000원), 양념막창 (12,000원)"
강나루 유황오리주물럭 본점,4.3,88,"서울 광진구 아차산로57길 5 1층
(지번) 구의동 242-51",02-452-5251,"모듬한마리 (66,000원), 생오리주물럭(반마리) (37,000원), 매콤양념주물럭(반마리) (39,000원), 한방훈제오리(반마리) (41,000원)"
피자컴퍼니 군자점,4.1,62,"서울 광진구 능동로32길 12 1층
(지번) 능동 320-37",02-454-2496,"트리플 슈림프 스테이크피자 (22,000원), 스테이크 러버 피자 (19,000원), 갈릭슈림프 (25,000원), 화가 난 제육 피자 (19,000원), 화가 난 한판 불고기 (19,000원), 치즈오븐 (8,000원), 맥앤치즈 (8,500원), 치킨텐더 (8,000원), 버터갈릭프라이즈 (8,500원), 올미트스파이시 (23,000원), 스파이시치킨렌치 (23,000원), 페퍼로니 (21,000원), 올미트오리지널 (23,000원), 치즈파이 (20,000원), 스파이시치킨랜치 (23,000원), 수제연탄불고기 (24,900원), 고구마가득 (22,000원), 하와이언 (23,000원)"
상구네솥뚜껑삼겹살,4.7,57,"서울 광진구 광나루로 360
(지번) 화양동 18-5",02-464-8295,"평창 시레기+문경약돌돼지 생삼겹살 (26,700원), 평창 시레기+문경약돌돼지 생목살 (26,700원), 미나리+문경약돌돼지생삼겹살 (26,700원), 미나리+문경약돌돼지생목살 (26,700원), 문경약돌돼지 생삼겹살 (23,700원), 문경약돌돼지 생목살 (23,700원), 항정살 (26,700원), 가브리살 (26,700원), 늑간살 (26,700원), 상구네 시그니처 메뉴1 (가격정보 없음), 상구네 시그니처 메뉴2 (가격정보 없음)"
카페피아트121,5.0,8,"서울 광진구 아차산로78길 7 1층
(지번) 광장동 121",02-457-1012,"카페라떼 (0원), 카페모카 (0원), 브라질 (가격정보 없음), 코스타리카따라주 (가격정보 없음), 오늘의커피 (가격정보 없음), 아메리카노 (가격정보 없음), 에스프레소마키야또 (가격정보 없음), 골드카푸치노 (가격정보 없음), 유기농녹차 (가격정보 없음), 유기농차 (가격정보 없음), 수제차 (가격정보 없음), 에이드 (가격정보 없음), 생과일주스 (가격정보 없음), 키위 (가격정보 없음), 딸기 (가격정보 없음), 베이글 (가격정보 없음), 수제브라우니 (가격정보 없음), 아이스티 (가격정보 없음), 뉴욕치즈케익 (가격정보 없음), 크림치즈 (가격정보 없음), 브런치 (가격정보 없음), 수프리모 (가격정보 없음)"
팔당왕족발보쌈 본점,4.8,13,"서울 광진구 능동로 368 1층
(지번) 중곡동 41-20",02-454-8882,"족발 小（2人）국내산 앞발 (36,000원), 족발 中（2~3人）국내산 앞발 (40,000원), 족발 大（3~4人）국내산 앞발 (45,000원), 족발 특大（4~5人）국내산 앞발 (50,000원), 반반족발 中（족발＋매운양념족발） (41,000원), 반반족발 大（족발＋매운양념족발） (46,000원), 보쌈 小（2人）국내산 목살, 삼겹살 (36,000원), 보쌈 中（2~3人）국내산 목살, 삼겹살 (40,000원), 보쌈 大（3~4人）국내산 목살, 삼겹살 (45,000원), 보족 小 (65,000원), 매운양념족발 中（2~3人）국내산 앞발 (41,000원), 매운양념족발 大（3~4人）국내산 앞발 (46,000원), 매운양념족발 특大（4~5人）국내산 앞발 (51,000원), 반반족발 특大（족발＋매운양념족발） (51,000원), 보쌈 특大（4~5人）국내산 목살, 삼겹살 (50,000원), 보족 中 (75,000원), 보족 大 (85,000원), 보족 특大 (95,000원), 쟁반국수 1人 (6,000원), 부침개 (6,000원), 보속김치（무） (5,000원), 야채 (2,000원), 공기밥 (1,000원), 콜라 1.25L (3,000원), 참이슬 오리지날 (4,000원), 참이슬 후레쉬 (4,000원), 처음처럼 (4,000원), 맥주 카스 500mL (4,000원), 막걸리 (3,000원), 장수막걸리 (3,000원)"
미식반점,,230,"서울 광진구 군자로 70 동일흥업빌딩 나동 1층 107호
(지번) 군자동 362-1",02-466-2020,"통후추중새우 (21,000원), 몽골리안비프 (27,000원), 해물볶음짜장 (7,500원), 미식짜장면 (6,500원), 미식짬뽕 (8,000원), 해물백짬뽕 (8,000원), 해물볶음짬뽕 (9,000원), 마라탕면 (11,000원), 크림짬뽕 (10,000원), 사천탕면 (9,000원), 미식볶음밥 (8,000원), 돼지고기볶음밥 (8,000원), 새우볶음밥 (8,000원), 유산슬밥 (12,000원), 잡탕밥 (14,000원), 잡채밥 (8,000원), 마파두부밥 (7,000원), 사천식가지덮밥 (7,500원), 유산슬 (30,000원), 오향장육 (30,000원)"
이모네보쌈,4.2,30,"서울 광진구 자양로9길 73 1층
(지번) 자양동 653",,"굴보쌈(소) (28,000원), 굴보쌈(중) (33,000원), 굴보쌈(대) (38,000원), 고기보쌈(소) (25,000원), 고기보쌈(중) (30,000원), 고기보쌈(대) (35,000원), 감자탕(소) (20,000원), 감자탕(중) (25,000원), 낙지볶음(소) (23,000원), 낙지볶음(중) (28,000원), 낙지볶음(대) (33,000원)"
따우전드,4.3,377,"서울 광진구 긴고랑로12길 59 1층
(지번) 중곡동 259-12",070-8807-8307,"따우전드커피 (5,500원), 바나나 크림 파이 (6,500원), 보스턴 크림 파이 (6,300원), 애플 파이 (6,500원), 스윗 펌킨 파이 (6,500원), 아메리카노 HOT/ICE (3,800원), 카페라떼 HOT/ICE (4,500원), 스피어민트 따우전드 커피 ICE (5,500원), 콜드브루 디카페인 (5,500원), 체리에이드 (5,500원)"
C156,3.9,122,"서울 광진구 동일로 156 H애비뉴 지하1층
(지번) 화양동 24-15",02-499-8619,"매운해산물파스타 (18,000원), 드럭치킨 (27,000원), 오늘의파스타 (16,000원), 김치볶음밥 (17,000원), 미소봉골레파스타 (18,000원), 포르치니 딸리아뗄레 크림파스타 (18,000원), 화이트라구뇨끼 (20,000원), 소꼬리찜과 샤프란리조또 (22,000원), 폭립바베큐 (40,000원), 채끝등심스테이크 (250g) (53,000원), 바베큐플레터 (60,000원)"
진주냉면,3.5,0,"서울 광진구 아차산로 478 1층
(지번) 구의동 199-15",02-447-4544,메뉴 없음
중화호반닭갈비 아차산점,3.3,23,"서울 광진구 천호대로129길 79 1층
(지번) 중곡동 109-27",02-2201-8292,"닭갈비 (26,000원), 치즈닭갈비 (30,000원), 속초명태회 막국수 (9,000원), 얼큰 막국수 (8,000원), 막국수 (8,000원), 메밀전병 (7,000원), 물만두 (5,000원), 직접담근 동치미 (3,000원), 날치알 주먹밥 (3,000원), 볶음밥재료 （공기밥포함） (3,000원), 공기밥 (1,000원), 콜라 (2,000원), 사이다 (2,000원), 환타（오렌지） (2,000원), 환타（파인） (2,000원), 쌈야채 추가 (3,000원), 처음처럼 (4,000원), 참이슬 후레쉬 (4,000원), 카스 (4,000원), 장수막걸리 (3,000원)"
주먹구구,3.8,12,"서울 광진구 광나루로 404 은정빌딩 내
(지번) 화양동 111-72",02-446-2244,"주먹갈비 (9,000원), 소갈비살 (17,000원), 오겹살 (13,000원), 항정살 (10,000원), 갈매기살 (10,000원), 주먹고기 (8,000원), 삼겹살 (8,000원), 돼지껍데기 (6,500원), 뒷고기 (8,000원)"
건대홍매양꼬치,4.6,148,"서울 광진구 동일로18길 94 1층
(지번) 자양동 4-10",02-498-3872,"고급양갈비 (1인분) (25,000원), 양갈비살꼬치 (15,000원), 탕수육 (10,000원), 가지튀김 (10,000원), 건두부무침 (8,000원)"
전 중화닭날개구이,4.1,3,"서울 광진구 동일로18길 65 1층
(지번) 자양동 9-34",02-498-8999,"닭날개구이 (매운맛) (7,000원), 닭날개구이 (마라맛) (7,000원), 마라쪽갈비 (7,000원), 특색오돌뼈 (6,000원), 신강양꼬치 (5,000원)"
꼴목포차,3.4,34,"서울 광진구 아차산로25길 20 1층
(지번) 화양동 46-66",02-485-0885,"제주갈비찜 (12,000원), 대창순두부 (17,000원), 통문어 (소) (17,000원), 벌교꼬막 (15,000원), 제주삼치구이 (15,000원)"
용마골참생고기마을,5.0,17,"서울 광진구 용마산로27길 4
(지번) 중곡동 29-30",02-462-6931,"제육쌈밥 (10,000원), 육개장 (9,000원), 청국장 (8,000원), 뚝불고기 (9,000원), 차돌된장 (9,000원), 순두부 (8,000원), 김치찌개 (8,000원), 된장찌개 (8,000원), 냉면 (8,000원), 육회 (180g) (21,000원), 생등심 (600g) (109,000원), 갈비살 (500g) (129,000원), 치마살 (600g) (119,000원), 차돌박이 (180g) (22,000원), 삼겹살 (600g) (42,000원), 대패삼겹살 (600g) (41,000원), 목등심 (600g) (42,000원), 항정살 (600g) (55,000원), 가브리살 (600g) (47,000원)"
파리바게뜨 동서울터미널점,3.0,9,"서울 광진구 강변역로4길 10
(지번) 구의동 546-11",02-2201-1156,"15겹 크레이프 케이크 (조각) (6,100원), 티라미수 케이크 (조각) (6,100원), 쫄깃담백 루스틱 (half) (4,900원), 크랜베리 호밀깜빠뉴 (half) (5,900원), 스모어 마시멜로우 타르트 (2,990원), 아이스 아메리카노 (3,700원), 초코가 달콤한시간 (7,900원), 108겹 롱스틱파이 (3,100원), 초코소라빵 (2,100원), 소금버터 소보루번 (2,500원), 쫄깃담백 토종효모빵 (4,100원), 건강한 브라운 햄에그 샌드위치 (6,900원), 초코 카스테라 (2,500원), 초코 아이스캔디 (1,700원), 바닐라 아이스캔디 (1,700원), 먹빵박스 (16,000원), 크림치즈롤페스츄리 (1,400원), 크림치즈롤페스츄리 (3개입) (4,200원), 살구롤페스츄리 (1,300원), 살구롤페스츄리 (3개입) (3,900원), 스윗햄에그샌드위치 (3,700원), 제주감귤주스 (3,900원), 제주감귤크러쉬 (3,900원), 멀티그레인 호밀빵 (5,900원), 통곡물 깜빠뉴 (5,900원), (No 버터, 계란, 우유) 부드러운 모닝롤 (1,100원), (No 버터, 계란, 우유) 부드러운 모닝롤 (4개입) (3,900원), 치킨에그 통곡물 샌드위치 (7,500원), 바질리코타 호밀 샌드위치 (6,700원), 딸기티라미수케이크 (13cm) (21,000원)"
능동국시,3.2,63,"서울 광진구 능동로35길 23
(지번) 군자동 474-2",02-464-8877,"능동국시 (7,000원), 물냉면 (7,000원), 비빔냉면 (7,000원), 회냉면 (8,000원), 떡만두국 (7,000원), 왕만두국 (7,000원), 물만두 (5,000원), 왕만두 (6,000원), 감자전 (8,000원), 도토리묵무침 (12,000원), 보쌈 (대) (37,000원), 보쌈 (중) (32,000원), 보쌈 (소) (27,000원), 등심 (150g) (22,000원), 돼지주물럭 (대) (35,000원), 돼지주물럭 (소) (25,000원), 콩국수 (7,000원), 육개장 (7,000원)"
라비올리,4.6,26,"서울 광진구 천호대로129길 16 1층
(지번) 구의동 52-15",02-499-4252,"빠네 크림파스타(오리지날) (9,900원), 마라크림파스타(오리지날) (7,500원), 치킨미트크림파스타(오리지날) (7,500원), 까르보나라파스타(오리지날) (7,500원), 불고기로제파스타(오리지날) (7,500원), 새우로제파스타(오리지날) (7,500원), 이마트리치아나 토마토파스타(오리지날) (7,500원), 스파이시 치킨 토마토파스타(오리지날) (7,500원), 해산물 마리나라 토마토파스타(오리지날) (7,500원), 뽀모도로 토마토파스타(오리지날) (7,500원), 뚝배기 사천 토마토파스타(오리지날) (7,500원), 봉골레 올리브오일파스타(오리지날) (7,500원), 알리오 올리오 올리브오일파스타(오리지날) (7,500원), 바질 올리브오일파스타(오리지날) (7,500원), 치즈 오븐 스파게티(오리지날) (7,500원)"
메밀의정석,3.8,69,"서울 광진구 능동로4길 27 1층
(지번) 자양동 553-3",,"메밀 물 막국수 (8,000원), 메밀 비빔 막국수 (8,000원), 메밀 회 막국수 (9,000원), 냉 모밀 소바 (9,000원), 판 모밀 소바 (9,000원), 도토리 묵사발 (9,000원), 도토리 묵밥 (9,000원), 옹심이 들깨 메밀 칼국수 (계절메뉴) (9,000원), 들깨 메밀 칼국수 (계절메뉴) (8,000원), 옹심이 메밀 칼국수 (계절메뉴) (8,000원), 메밀 칼국수 (계절메뉴) (7,000원), 삼색 만두국 (계절메뉴) (8,000원), 왕 만두국 (계절메뉴) (9,000원), 꿩 만두국 (계절메뉴) (8,000원), 들기름 막국수 (9,000원), 메밀 전병 (8,000원), 한방 수육 (20,000원), 회 무침 (20,000원), 삼색 만두 (9,000원), 왕 만두 (7,000원), 감자 만두 (6,000원), 김치 만두 (6,000원), 메밀 만두 (6,000원)"
오술차 건대점,4.6,518,"서울 광진구 동일로22길 68 2층
(지번) 화양동 48-31",,"셰프의불삼겹 (5,900원), 프라이드감자 (5,900원), 곱창술국 (5,900원), 히말라야냉두부 (5,900원), 생생바지락술찜 (5,900원), 불랑카치킨 (5,900원), 깐풍똥집 (5,900원), 냄비떡볶이 (5,900원), 더티스윗 (5,900원), 날챨탈탈 (5,900원), 훈제오리무침 (5,900원), 스팸후라이 (5,900원), 페페로제 (5,900원), 오술차짬뽕탕 (5,900원), 오술차오뎅탕 (5,900원), 치즈닭살볶음 (5,900원), 돼껍야채볶음 (5,900원), 마른안주 (5,900원), 김치우동 (5,900원), 김치볶음밥 (5,900원)"
