이름,서브카테고리,평점,리뷰수,주소,위도,경도,전화번호,메뉴,영업시간
대성갈비,갈비,3.2,268,"서울 성동구 상원1길 26 서울숲A타워 1층 101~103호
(지번) 성수동1가 656-591",37.546194350143,127.048432321547,02-464-3012,메뉴 없음,영업시간 월~토 11:00 ~ 21:00 · 휴게시간 월~토 14:30 ~ 16:30
성수족발,"족발,보쌈",3.3,506,"서울 성동구 아차산로7길 7 1층
(지번) 성수동2가 289-273",37.5459871942742,127.054270741555,02-464-0425,메뉴 없음,영업시간 매일 12:00 ~ 22:00
어메이징브루잉컴퍼니 성수브루펍,"호프,요리주점",4.2,45,"서울 성동구 성수일로4길 4 1층
(지번) 성수동1가 27-12",37.5428525176827,127.049366172099,02-465-5208,"마르게리따 (21,000원), 프로슈토 루꼴라 에 부라타 (31,000원), 튀긴 가지 & 리코타 피자 (21,000원), 스파이스 미트파이 (27,000원), 풍기 (26,000원), 4가지 치즈 피자 (24,000원), 트러플 치즈 프라이 (13,000원), 칠리 콘 카르네 (15,000원), 프랭크 핫&사워 윙(버팔로윙) (19,000원), 감바스 알 아히요 (21,000원), 부라타 디 마르게리따 (26,000원), 초리조 봄바 (25,000원), 엔다이브 루꼴라 샐러드 & 리코타 치즈 (11,000원), 올드패션 프라이드 치킨(순살) (18,000원), 자이언트팬더 (9,900원), 린데만스 빼슈레제 (11,500원), 생극양조 미드나잇 (8,500원), 성수동 페일에일 (6,900원), 바로 그 고제 (6,900원), 헛맥 (6,900원), 향긋한 유자에일 (5,900원)",영업시간 월~금 17:00 ~ 24:00
온량,이탈리안,3.7,394,"서울 성동구 서울숲4길 26-10 1층
(지번) 성수동1가 668-54",37.5469398891445,127.043433260445,02-6403-3643,"스파이시 로제 파스타 (18,000원), 만조 크림 파스타 (17,000원), 불고기필라프 (14,000원), 리코타 치즈 샐러드 (13,000원), 토마호크 포크 커틀렛 (21,000원)",영업시간 매일 12:00 ~ 21:00
악어떡볶이,떡볶이,3.7,442,"서울 성동구 마조로 33 1층
(지번) 행당동 3-27",37.5606485083606,127.041091574869,02-2281-9988,"떡볶이 (5,000원), 떡볶이튀김범벅 (10,000원), 순대 (4,500원), 오뎅 (4,000원), 모듬튀김(5개) (5,000원), 새우튀김(5개) (5,000원), 김밥 (4,000원), 우동 (4,000원), 라면 (4,000원), 쫄면 (7,000원), 찐계란 (3개) (2,500원), 물떡 (3,000원)",월요일
차이나플레인 서울숲점,중국요리,3.3,177,"서울 성동구 뚝섬로1길 25
(지번) 성수동1가 656-36",37.5436380420167,127.046396018851,02-2088-8493,"짜장면 (10,000원), 삼선 짬뽕 (12,000원), 탕수육 (32,000원), 새우볶음밥 (12,000원), 잡채밥 (12,000원), 유린기 (33,000원)",영업시간 월~금 11:00 ~ 21:30 · 휴게시간 월~금 15:00 ~ 17:00
르프리크,햄버거,4.3,865,"서울 성동구 연무장5길 9-16 B103호
(지번) 성수동2가 302-8",37.5444391065296,127.052659059956,02-2054-0119,"SIGNATURE (12,800원), CHAT POTATO (7,300원), EGGPLANT (7,800원), MUSHROOM (7,800원), CHERRY TOMATO (7,800원), SMORE (4,500원), NORDIC CHICKEN (13,800원), OCTOPUS (8,800원), CINNAMON ROLL (5,500원)",영업시간 매일 11:30 ~ 21:00 · 휴게시간 매일 15:00 ~ 17:30
쎈느,카페,3.8,58,"서울 성동구 연무장5길 20 1,2층
(지번) 성수동2가 314-2",,,02-469-2122,"아메리카노 (5,000원), 라떼 (6,000원), 바닐라라떼 (6,800원), 초콜릿라떼 (7,500원), 파인애플생과일주스 (8,000원)",월~토 10:00 ~ 22:00
로우키,카페,4.4,460,"서울 성동구 연무장3길 6 1층
(지번) 성수동2가 302-16",37.5441964034721,127.051579151478,070-8824-2010,"글레이즈드 도넛(오리지널,동그리즈) (3,500원), 글레이즈드 도넛(레몬,초코) (3,700원), 크림 도넛(바닐라,얼그레이) (4,000원), 시즈널 도넛(시나몬,흑임자) (3,500원), 시즈널 도넛(티라미수,초코바나나) (4,500원), 카페라떼 (5,500원), 콜드브루 (6,000원), 아메리카노 (5,500원), 바닐라라떼 (6,000원), 카라멜라떼 (7,500원), 들깨라이스라떼(ONLY ICED) (8,000원), 짜이 밀크티 (6,000원), 딸기레몬에이드 (7,000원), 에스프레소 (5,500원), 루이보스앤베리페퍼민트 (6,000원), 얼그레이 에버 (6,000원), 리얼 발로나 초코 라떼 (7,000원), 브루잉 스페셜티 커피 (7,000원), 초코쿠키 (ONLY MONDAY) (3,500원)",월~금 10:00 ~ 20:00
성수동대림창고갤러리,갤러리카페,3.1,993,"서울 성동구 성수이로 78 1층
(지번) 성수동2가 322-32",37.5416392066484,127.056647865179,0507-1390-9669,"아메리카노 (6,000원), 카페라떼 (7,000원), 카페모카 (7,500원), 아포가토 (9,500원), 아인슈패너 (7,500원), 코르타도 (7,000원), 바닐라라떼 (7,500원), 디카페인 아메리카노 (6,500원), 디카페인 카페라떼 (7,500원), 파인애플 주스 (8,000원), 오렌지 주스 (8,000원), 자두 주스 (8,000원), 오렌지에이드 (7,500원), 레몬에이드 (7,500원), 자몽에이드 (7,500원), 복숭아에이드 (7,500원), 얼그레이 (8,000원), 루이보스발란스 (8,000원), 게이샤 슈패너 (17,000원), 게이샤 모카 (17,000원)",영업시간 매일 11:00 ~ 22:00
유래회관,한식,4.1,117,"서울 성동구 마장로 196
(지번) 홍익동 357",37.5664375560586,127.031535634624,02-2293-8866,"한우생등심 (1인분, 170g) (48,000원), 한우 육회 (160g) (35,000원), 된장 국수 (5,000원), 점심특선, 한우 불고기 (1인분 150g ) (27,000원), 한우 안심(1인분 170g) (52,000원), 점심특선 / 왕갈비탕(미국산) (18,000원)",영업시간 매일 11:00 ~ 22:00
센터커피 서울숲점,커피전문점,3.8,330,"서울 성동구 서울숲2길 28-11 1층
(지번) 성수동1가 685-478",37.5465614024403,127.04161829528,070-8868-2008,"에스프레소 (HOT) (5,000원), 아메리카노 (HOT) (5,000원), 아메리카노 (ICE) (5,000원), 콜드브루 (ICE) (7,000원), 라떼 (HOT) (6,000원), 라떼 (ICE) (6,000원), 카푸치노 (HOT) (6,000원), 모카 (HOT) (6,500원), 모카 (ICE) (6,500원), K-72 (HOT) (8,000원), K-72 (ICE) (8,000원), 더블소크 (HOT) (9,000원), 더블소크 (ICE) (9,000원), 오렌지허니 (HOT) (8,000원), 오렌지허니 (ICE) (8,000원), 게이샤 진 토닉 (ICE) (7,500원), 피치 밀크쉐이크 (ICE) (6,500원), 꿀 자몽 주스 (ICE) (7,000원), 초콜릿 (HOT) (6,500원), 초콜릿 (ICE) (6,500원), 핸드드립 (0원)",월요일
정선부뚜막,한식,3.5,132,"서울 성동구 서울숲6길 14 1층
(지번) 성수동1가 668-13",37.5475239707245,127.043039345121,02-499-8253,"곤드레밥상 (10,000원)",월요일
인생한우,"육류,고기",3.8,342,"서울 성동구 마장로31길 43 영지빌딩 2층
(지번) 마장동 522-2",37.5701477799402,127.038199891479,02-2292-2888,"한우 티본스테이크(100g) (16,000원), 한우갈비탕 (15,000원), 한우육회비빔밥 (12,000원), 한우사시미 (12,000원), 한우육회 (30,000원), 설원채끝(100g) (28,000원), 채끝등심(100g) (22,000원), 눈꽃등심(100g) (22,000원), 새우등심(100g) (24,000원), 꽃등심(100g) (15,000원), 안창살(100g) (32,000원), 새우살(100g) (36,000원), 토시살(100g) (28,000원), 살치살(100g) (22,000원), 치마살(100g) (22,000원)",영업시간 매일 11:00 ~ 21:50
바스버거 성수점,햄버거,3.5,169,"서울 성동구 왕십리로8길 16 1층
(지번) 성수동1가 656-1075",37.5461570948905,127.046295736653,02-464-6674,"치즈버거 (6,700원), 바스버거 (7,800원), 핫치킨 디럭스 (8,500원), 하와이안버거 (9,800원), 와사비마요 쉬림프버거 (10,900원), 더블 바스버거 (11,300원), 더블베이컨치즈버거 (11,300원), 머쉬룸버거 (11,300원), 탐욕버거 (14,000원), 트리플 바스버거 (14,800원)",영업시간 월~금 11:00 ~ 21:15
누메로도스,이탈리안,3.9,437,"서울 성동구 상원1길 35-9 1층
(지번) 성수동1가 656-1021",37.5463666158889,127.047334332055,02-468-7943,"까르보나라 (18,000원), 아마트리치아나 (19,000원), 스콜리오오일파스타 (21,000원), 스콜리오로제파스타 (23,000원), 새우오일파스타 (19,000원), 시금치크림파스타 (18,000원), 알라노르마파스타 (19,000원), 비스큐 (20,000원), 스콜리오토마토파스타 (23,000원), 봉골레 (19,000원), 버섯오일파스타 (19,000원)",영업시간 매일 11:00 ~ 21:00 · 휴게시간 매일 15:00 ~ 17:00
땅코참숯구이 본점,"육류,고기",4.1,644,"서울 성동구 행당로17길 26 1층
(지번) 행당동 292-34",37.5606847363543,127.033029239873,02-2281-6908,"목살 (200g) (19,000원), 삼겹살 (200g) (19,000원), 갈매기살 (160g) (19,000원)",영업시간 매일 14:00 ~ 22:50
능동미나리 성수점,한식,3.9,664,"서울 성동구 연무장길 42 1층
(지번) 성수동2가 310-14",37.5427607712923,127.053953494697,,"능동육회비빔밥 (15,000원), 능동곰탕 (14,000원), 능동미나리곰탕 (15,000원), 능동특곰탕 (18,000원), 능동육회 (27,000원), 능동접시수육 (29,000원), 미나리숙회 (9,000원), 미나리수육전골(소) (48,000원), 미나리수육전골(중) (65,000원), 미나리곱창전골(중) (58,000원), 미나리곱창전골(대) (86,000원), 미나리꼬리찜(소) (56,000원), 미나리꼬리찜(대) (78,000원), 능동육전(반접시) (12,000원), 능동육전(한접시) (25,000원)",매일 10:00 ~ 24:00
비사벌 전주콩나물국밥,국밥,4.2,138,"서울 성동구 왕십리로6길 1-2 1층
(지번) 성수동1가 656-448",37.546281654154,127.045024127318,02-464-8704,"콩나물국밥 (10,000원)",매일 07:00 ~ 22:00
할아버지공장,디저트카페,3.2,504,"서울 성동구 성수이로7가길 9 1-2층
(지번) 성수동2가 309-133",,,02-6402-2301,"아메리카노 (6,000원), 카페라떼 (7,000원), 바닐라라떼 (8,000원), 초콜릿라떼 (8,000원), 지중해블루레몬에이드 (8,000원), 한라봉에이드 (9,000원), 로즈베리에이드 (9,000원), 라임모히또(논알코올) (10,000원)",영업시간 매일 11:00 ~ 22:00
카페&펍 연무장,카페,3.5,284,"서울 성동구 연무장길 36 8층
(지번) 성수동2가 310-63",37.5428890034999,127.053314378125,,"에스프레소 (5,500원), 아메리카노 (5,500원), 라떼 (6,000원), 카바레라떼 (6,500원), 카바레크림 (7,000원), 콜드브루 (6,000원), 콜드브루라떼 (6,500원), 루이보스아몬드밀크티 (6,500원), 모리한말차라떼 (7,000원), 발로나초콜릿라떼 (7,000원)",영업시간 매일 11:00 ~ 23:00
치카 성수,디저트카페,4.5,389,"서울 성동구 뚝섬로1가길 14 1층
(지번) 성수동1가 656-1002",37.542331284711,127.047173592134,02-498-3478,"구름마카롱 (3,000원), 수제 레터링케이크 (42,000원), 미니 레터링케이크 (30,000원), 아메리카노 (4,500원), 카페라떼 (6,000원)","월,화요일"
미테이블 성수본점,양식,4.7,884,"서울 성동구 왕십리로8길 5 1층
(지번) 성수동1가 656-385",37.5465384293714,127.045284549478,02-461-0089,"랍스타 바질올리오 (23,900원), 채끝 스테이크(250g) (39,900원)",영업시간 월~금 11:30 ~ 21:00
고공 성수본점,"육류,고기",3.6,91,"서울 성동구 왕십리로8길 10
(지번) 성수동1가 656-1940",37.546284764392,127.045839103881,02-6368-5050,"치마육회(120g) (22,000원), 된장찌개 (6,000원), 김치찌개 (6,000원), 씨앗주먹밥 (6,000원), 쫄냉면 (7,000원)",영업시간 월~금 16:00 ~ 23:00
전봇대집,"육류,고기",3.0,169,"서울 성동구 살곶이길 18 성동안심상가 마장청계점 3층 302호
(지번) 마장동 525-1",37.5713825413725,127.040519485291,02-2294-0875,"치마살 (300g) (40,000원), 꽃등심 (300g) (50,000원), 살치살 (300g) (60,000원), 갈비살 (300g) (50,000원), 토시살 (500g) (70,000원), 제비추리 (500g) (70,000원), 안창살 (500g) (80,000원), 모듬 (700g) (110,000원)",영업시간 매일 11:00 ~ 22:30
왕십리조개창고,조개,3.1,289,"서울 성동구 왕십리로 331 경진빌딩 지하1층
(지번) 하왕십리동 966-12",37.5626363584856,127.032801922038,010-4596-0449,"조개구이 무한리필(성인)(1인 (34,900원), 조개구이 무한리필(초등학생)(1인) (17,900원), 조개구이 무한리필(미취학아동)(1인) (12,900원)",영업시간 매일 12:00 ~ 23:30
갱생,한식,4.2,353,"서울 성동구 마조로7길 5 지하1층
(지번) 행당동 3-14",37.5606914568637,127.040654945066,0507-1403-3454,"수비드양념우대갈비(특) (53,800원), 트러플치즈감자전(대) (19,800원), 매콤토마토파스탕 (15,900원), 명란크림파스탕 (15,900원), 불제육숙주볶음 (21,800원), 점심특선 양많아 김치찌개 (2인) (15,800원), 트러플치즈감자전(중) (16,500원), 항정수육전골 (25,800원), 수비드양념우대갈비 (32,800원), 갱생하늘샤브 (21,000원)",영업시간 매일 17:00 ~ 04:00
성수동간판없는집,닭요리,4.3,247,"서울 성동구 성수일로 59-1 1층
(지번) 성수동1가 14-70",37.5459362020692,127.049974398107,010-559-2634,숙주국물닭발 단품 (0원),영업시간 월~목 17:00 ~ 23:00
강남면옥 성수점,냉면,3.0,269,"서울 성동구 성수일로 77 1층 110,111호
(지번) 성수동1가 13-171",37.5474049437892,127.050343491959,02-6968-0800,"홍어회 (40,000원), 갈비찜 (대) (82,000원), 갈비찜 (소) (52,000원), 갈비찜 (중) (67,000원), 갈비탕 (16,000원), 갈비탕(특) (19,000원), 만두국 (11,000원), 물냉면 (12,000원), 비빔냉면 (12,000원), 수육 (40,000원), 찐만두(반접시) (6,000원), 찐만두(한접시) (10,000원), 회냉면 (13,000원), 섞어냉면 (13,000원)",영업시간 매일 11:00 ~ 21:30
마하차이,태국음식,3.9,155,"서울 성동구 뚝섬로 399 2층
(지번) 성수동2가 339-22",37.5389508213063,127.055086193668,02-468-5678,"오물렛팟타이 (12,500원), 소고기쌀국수 (10,500원), 똠얌꿍 (+면포함) (12,000원), 푸팟퐁커리덮밥 (15,000원), 카오팟 꿍 (11,500원), 팟 카파오 무쌉 (11,500원), 갈비쌀국수 (16,000원), 매운쌀국수 (13,000원), 모닝글로리 볶음 (9,500원), 쏨탐 (9,500원), 팟씨유(새우) (13,000원), 얌운센 (8,500원), 스프링롤 (6,000원), 카이텃(2조각) (7,000원)",영업시간 월~금 11:00 ~ 21:00
장어구이,장어,4.3,185,"서울 성동구 마조로 19-10 1층
(지번) 행당동 19-49",37.5597852954493,127.040476760242,02-2294-8999,"장어구이 (2인분) (30,000원), 돼지김치찌개 (소) (12,000원), 참치김치찌개 (소) (12,000원), 제육볶음 (10,000원), 고등어구이 (12,000원), 새우구이 (12,000원)",매일 09:00 ~ 23:59
RSG,카페,3.9,82,"서울 성동구 연무장15길 11 에스팩토리 C동 1층 109,110호
(지번) 성수동2가 273-13",37.5428217449251,127.058905961003,,"아메리카노(HOT) (4,000원), 라떼(HOT) (5,000원), 바닐라라떼(HOT) (5,500원), R 라떼 (6,500원), 팥빙스무디 (6,000원), 딸빙스무디 (6,000원), 꿀미숫가루 (5,500원), 초코라떼(HOT) (5,000원), 녹차라떼(HOT) (5,000원), 트로피컬에이드 (5,500원), 핑크레몬에이드 (5,500원), 유자에이드 (5,500원), 유자차 (5,000원), 카모마일(HOT) (4,000원), 히비스커스(HOT) (4,500원)",영업시간 매일 11:00 ~ 02:00
왕십리 육감식당,삼겹살,4.3,275,"서울 성동구 무학봉28길 1 1층
(지번) 하왕십리동 966-20",37.5625318686893,127.032382076511,02-2291-6092,"삼겹살 (16,000원), 이베리코흑돼지목살 (16,000원), 목살 (16,000원), 통가브리살 (15,000원), 항정살 (16,000원)",영업시간 매일 12:00 ~ 23:00
일품백송칼국수&설렁탕,칼국수,3.7,360,"서울 성동구 고산자로12길 1-1 1층
(지번) 행당동 264",37.5603090692348,127.035048444214,02-466-2090,"설렁탕 (12,000원), 도가니탕 (17,000원), 특）설렁탕 (15,000원), 손만두 (10,000원), 특）도가니탕 (22,000원), 깍두기 500g (9,000원), 김치 500g (9,000원), 공기밥 (1,000원), 소면사리 2개 (1,000원), 콜라 500mL (2,000원), 사이다 500mL (2,000원), 아메리카노 (4,500원), 카페라떼 (5,000원)",영업시간 매일 11:00 ~ 21:00 · 휴게시간 매일 15:00 ~ 16:00
천상가옥,디저트카페,3.6,585,"서울 성동구 성수이로14길 14 3층
(지번) 성수동2가 322-4",37.5414076146252,127.056908279292,,"딸기라떼 (7,000원), 망고라떼 (7,000원), 바나나브레인 (7,000원), 콤부차 (6,600원), 매실에이드 (6,500원), 유자에이드 (6,500원), 시트론 폼 밀크 (6,500원), 글로우 카모마일 (6,000원), 유자차 (6,000원), 선사인블랜드 (6,000원), 찌치먼비 (6,000원), 그리너리 머스켓 (6,000원)",영업시간 매일 11:00 ~ 22:00
푸줏간생고기점,"육류,고기",4.4,123,"서울 성동구 행당로17길 24
(지번) 행당동 292-54",37.5604218763954,127.033169015402,02-2297-7361,"푸줏간스페셜 (1kg) (160,000원), 푸줏간스페셜반 (500g) (85,000원), 한우모둠 (600g) (110,000원), 한우등심 (1인분) (44,000원), 한우살치살 (1인분) (47,000원), 생삼겹살 (1인분) (19,000원), 생목살 (1인분) (19,000원), 항정살 (1인분) (19,000원), 가브리살 (1인분) (19,000원), 갈매기살 (1인분) (19,000원), 한우차돌 (1인분) (32,000원), 한우부채 (1인분) (44,000원), 차돌박이 (1인분) (21,000원), 한우육회한접시 (30,000원)",영업시간 월~토 14:00 ~ 24:00
블루보틀 성수 카페,커피전문점,3.2,567,"서울 성동구 아차산로 7
(지번) 성수동1가 656-302",37.5481060299191,127.045641393072,1533-6906,"아메리카노 (5,600원)",매일 08:00 ~ 20:30
파르코,피자,3.9,336,"서울 성동구 서울숲2길 44 1층
(지번) 성수동1가 668-134",37.546307317732,127.043379029493,02-467-8588,"루꼴라 감베로니 (19,800원), 봉골레 (18,700원), 알리오올리오 (16,500원), 피칸테로제 (18,700원), 볼로네제 (19,800원), 감베로니크레마 (19,800원), 카르보나라 (19,800원), 라자냐 (21,900원), 버섯치즈리조또 (19,800원), 해산물리조또 (19,800원), 리코타샐러드 (18,000원), 풍기샐러드 (18,000원), 뽈로샐러드 (18,000원), 포르치니 (19,800원)",영업시간 매일 11:30 ~ 21:30 · 휴게시간 매일 15:00 ~ 17:00
야마타니우동,"돈까스,우동",4.5,52,"서울 성동구 왕십리로21길 11 1층
(지번) 행당동 286-43",37.5613348419307,127.033220578514,02-2292-4677,"가께 우동 (기본우동) (7,000원), 와카메 우동 (미역우동) (8,000원), 츠키미 우동 (계란우동) (8,000원), 앙카케 타마고토지우동 (9,000원), 붓가께 우동 (8,000원), 자루 우동 (8,000원), 쇼유 우동 (8,000원), 가마타마우동 (8,000원), 카레우동 (8,000원), 냉우동 (7,000원), 온천계란 (1,000원), 감자(해쉬브라운) (1,000원), 치쿠와(어묵튀김) (1,000원), 고구마 (튀김) (1,000원), 새우 (튀김) (2,000원)",영업시간 월~토 11:40 ~ 20:00 · 휴게시간 월~토 15:00 ~ 17:00
벱,베트남음식,4.2,446,"서울 성동구 성수일로4가길 2 1층
(지번) 성수동2가 321-21",37.5420814943666,127.053982764473,070-7644-4502,"양지 쌀국수 (9,500원), 차돌박이 쌀국수 (10,000원), 양지&차돌박이 쌀국수 (11,000원), 해산물 쌀국수 (13,000원), 매운 차돌박이 쌀국수 (12,000원), 매운 해산물 쌀국수 (13,000원), 소고기 볶음면 (13,000원), 해산물 볶음면 (13,000원), 분보싸오 (13,000원), 야채 볶음밥 (9,000원), 돼지고기 볶음밥 (10,000원), 해산물 볶음밥 (13,000원), 파인애플 볶음밥 (12,000원), 스프링롤 (5,000원), 짜조 (5,000원), 버팔로윙 (6,000원)",영업시간 매일 11:00 ~ 21:00 · 휴게시간 매일 15:00 ~ 17:00
어니언 성수,카페,3.5,716,"서울 성동구 아차산로9길 8 1-2층
(지번) 성수동2가 277-135",,,070-4353-3238,"에스프레소(Espresso) (5,000원), 아메리카노(Americano) (5,500원), 카페라떼(Cafe latte) (6,000원), 카푸치노(Cappuccino) (6,000원), 플랫화이트(Flatwhite) (6,000원), 바닐라라떼(Vanilla latte) (7,000원), 그린라이트 (상추 스무디) (8,500원), 이 초콜릿 라떼는 최고라고 자부한다. (7,000원), 히비스커스 앤 로지스 티 (7,000원), 네 종류의 베리가 들어간 소다 (8,000원), 시그니처 밀크 티 (8,000원), 유자 허니 블랙 티 (7,000원)",월~금 08:00 ~ 22:00
연평도목포산꽃게,"게,대게",3.2,506,"서울 성동구 마장로 323 1층
(지번) 마장동 767-36",37.5677070768129,127.044849687717,02-2294-6565,"꽃게백숙 특 (160,000원), 꽃게양념찜 특 (160,000원), 꽃게탕 특 (160,000원), 꽃게랑아구찜/탕 특 (130,000원), 간장게장 특 (150,000원), 아구찜/탕 특 (85,000원), 해물찜/탕 대 (110,000원), 전복회/찜 1kg (70,000원), 연포탕 대 (80,000원), 산낙지 (변동가격)",매일 10:00 ~ 22:00
서산 식당,한식뷔페,4.6,17,"서울 성동구 아차산로13길 6 2층
(지번) 성수동2가 277-60",37.5436734059558,127.060789652467,02-463-3638,"점심 한식 뷔페 (카드) (6,000원), 점심 한식 뷔페 (현금) (5,000원)",영업시간 월~토 11:30 ~ 16:00
카멜 성수점,카페,3.4,214,"서울 성동구 성덕정19길 6 1층
(지번) 성수동2가 570-1",37.5372437584684,127.055912373351,,"Latte (5,500원), 크림컵 (4,500원), 애플파이선셋티 (6,500원), 레드빈라떼 (6,500원), 밀크티 (6,500원), 카멜 클래식 크림 (5,000원), Camel COFFEE (5,500원), AMERICANO (5,000원), VANILLA (6,000원), flat white (5,000원), Cappuccino (5,500원), SEONGSU COFFEE (4,000원), ESPRESSO (3,500원)",매일 10:00 ~ 18:00
호호식당 성수동점,일식,3.2,141,"서울 성동구 서울숲4길 25
(지번) 성수동1가 668-22",37.5471761523693,127.043863069253,02-498-2384,"생선가스정식 (15,000원), 사케동 (18,000원), 우니파스타 (22,000원), 왕새우튀김우동 (13,000원)",영업시간 매일 11:00 ~ 21:50 · 휴게시간 매일 14:40 ~ 17:00
피치스 도원,카페,3.2,410,"서울 성동구 연무장3길 9 1층
(지번) 성수동2가 301-16",37.5446661109867,127.051334263767,02-468-7719,"아메리카노 (4,500원)",월요일
마를리,카페,3.4,773,"서울 성동구 연무장길 47 홍원빌딩 1층
(지번) 성수동2가 315-55",37.5427988846981,127.05473417315,02-467-0303,"아메리카노 (5,000원), 카페라떼 (6,000원), 카푸치노 (6,000원), 아인슈페너 (6,000원), 바닐라빈라떼 (6,500원), 카페모카 (6,500원), 아보카도사과주스 (7,500원), 레몬차 (7,000원), 페퍼민트 (7,000원), 캐모마일 (7,000원)",매일 09:00 ~ 23:00
한우마을,"육류,고기",4.3,333,"서울 성동구 고산자로24길 11 2층
(지번) 마장동 509-11",37.5700149735634,127.038751764378,02-2291-0292,"안창살 (29,900원), 꽃등심 (19,900원), 살치살 (25,900원), 생갈비 (25,900원), 토시살 (27,900원)",매일 10:30 ~ 22:00
까사아지오,이탈리안,3.4,188,"서울 성동구 연무장5가길 20 지하1층,1층
(지번) 성수동2가 315-30",37.5433700060048,127.054782115815,0507-1428-9194,"스텔라 피자 (13,900원), 새우 로제 파스타 (14,900원), 버섯아란치니 (3,500원), 카르토치오 (9,900원), 라구소스리가토니 (7,900원)",월요일
훔볼트,디저트카페,3.7,109,"서울 성동구 성수이로 58 P타워 지하 1층, 1, 2층
(지번) 성수동2가 325-19",37.5400995344191,127.055602663956,,"에스프레소 (HOT) (4,000원), 롱블랙 (4,000원), 카페라떼 (4,600원), 바닐라라떼 (5,200원), 스위트돌체 라떼 (5,500원)",매일 10:00 ~ 22:00
제일곱창 본점,"곱창,막창",3.9,227,"서울 성동구 고산자로 281 1층
(지번) 홍익동 131-1",37.5648218822196,127.03597450819,010-8690-9792,"양깃머리(180g) (28,000원), 모둠구이(580g) (63,000원), 한우대창(250g) (29,000원), 막창구이(250g) (28,000원), 한우곱창(250g) (29,000원), 육회 (15,000원)",영업시간 월~토 12:00 ~ 22:00
왕십리 수상한막창,"곱창,막창",4.5,231,"서울 성동구 무학봉28길 20 1층
(지번) 행당동 286-21",37.5614544661258,127.033953035197,02-2282-3177,"소금구이 (16,000원), 양념구이 (16,000원), 된장밥 (5,000원), 된장찌개 (5,000원), 주먹밥 (3,000원)",영업시간 월~금 16:00 ~ 23:30
오레노카츠 성수본점,"돈까스,우동",3.7,311,"서울 성동구 성수일로 47 1층 102호
(지번) 성수동1가 16-8",37.5447366238279,127.049518252952,02-499-0323,"오레노 정식 A (17,500원), 오레노 정식 B (14,500원), 체다크림치즈돈카츠 (13,000원), 매콤돈카츠 (13,000원), 카레돈카츠 (12,500원), 에비카츠우동 (9,500원), 부산어묵 우동 (9,000원), 에비카츠(왕새우 2ea) (6,500원), 감자고로케(3ea) (5,000원), 미니 냉소바 (5,000원), 미니비빔소바 (5,000원), 미니어묵우동 (5,000원), 생돈카츠 (10,500원)",영업시간 매일 11:30 ~ 22:00 · 휴게시간 매일 15:00 ~ 17:00
슈퍼말차 성수,카페,3.8,241,"서울 성동구 서울숲6길 19 1층
(지번) 성수동1가 668-9",37.5475169632195,127.04371989351,070-4632-3882,"슈퍼말차 라떼 (5,800원), 코코넛 말차 라떼 (5,800원), 말차 에스프레소 라떼 (6,300원), 슈퍼말차 라떼 보틀 (6,800원), 플랫 화이트 (5,800원), 슈퍼보리라떼 (5,800원), 아메리카노 (5,800원), 카페라떼 (5,800원), 슈퍼말차워터 (5,300원), 슈퍼말차 플랫화이트 (5,800원), 슈퍼말차 크러쉬 (6,300원), 슈퍼보리 크러쉬 (6,300원), 코코넛 말차 크러쉬 (6,300원), 슈퍼말차 블랙 롤 (피스) (6,000원), 슈퍼말차 블랙 롤 (홀) (22,900원)",영업시간 매일 11:00 ~ 21:00
파머스카페,카페,4.0,973,"서울 성동구 왕십리로6길 11 1층
(지번) 성수동1가 656-1083",37.5460064390659,127.046087883422,02-464-4222,"아메리카노 (4,500원), 벨지안 초콜릿 우유 57% (6,500원), 바닐라 라떼 (5,500원), 카푸치노 (6,000원), 캐모마일 (4,500원)",영업시간 월~금 11:00 ~ 24:00
빠오즈푸 서울숲점,중식,4.0,147,"서울 성동구 왕십리로6길 13 1층
(지번) 성수동1가 656-1082",37.5459622451959,127.046202825767,02-499-9256,"고기빠오즈 (8,000원), 훈둔면 (8,000원), 삼선빠오즈 (9,500원), 새우지짐 (9,000원), 부추지짐 (8,000원), 매운훈둔면 (8,500원), 쓰촨딴딴면 (8,000원)",영업시간 매일 11:30 ~ 21:30 · 휴게시간 월~금 15:00 ~ 17:00
할머니의레시피,한식,3.6,406,"서울 성동구 서울숲2길 44-12
(지번) 성수동1가 668-108",37.5461743475135,127.043085869776,02-467-5101,"숨뼈국 (11,000원), 버섯부추비빕밥 (10,000원), 강경젓갈쌈밥 (12,000원), 간장 돌게장 (16,000원), 쌈밥정식 (15,000원)",영업시간 매일 11:30 ~ 21:00 · 휴게시간 매일 15:00 ~ 17:00
로우커피스탠드,카페,4.5,193,"서울 성동구 왕십리로4길 28-2 1층
(지번) 성수동1가 8-16",37.5471177960535,127.04661114401,010-4334-2387,"AMERICANO (2,200원), CAFE LATTE (2,800원), CAPPUCCINO (HOT) (2,500원), VANILLA LATTE (3,300원), JASMIN TEA (3,500원)",월~금 08:00 ~ 17:00
메이탄 성수점,중국요리,3.2,149,"서울 성동구 왕십리로 50 메가박스스퀘어빌딩 2층
(지번) 성수동1가 656-335",37.5419000229184,127.044975552245,02-6085-1080,"동파육 (47,000원), 깐풍기 (32,000원), 유린기 (35,000원), 유산슬 (36,000원), 크림 중새우 (35,000원), 해물짬뽕밥 (11,000원), 새우볶음밥 (12,000원), 매생이해물누룽지탕 (18,000원), 메이탄짜장 (9,000원), 해물짬뽕 (11,000원), 피넛삼겹살 (38,000원), 멘보샤 (32,000원), 오향장육 (53,000원), 블랙빈 모둠해물요리 (58,000원), 해물누룽지탕 (54,000원), 홍쇼관자요리 (62,000원), 소고기안심요리 (62,000원), 어향동고 (53,000원), 오룡해삼 (68,000원), 전가복 (75,000원), 탕수육 (28,000원), 사천탕수육 (29,000원), 찹쌀탕수육 (32,000원), 깐풍육 (32,000원), 양장피 (45,000원), 칠리 중새우 (35,000원), 깐풍 중새우 (35,000원), 고추잡채＋꽃빵 (35,000원), 팔보채 (50,000원), 건강식마늘볶음밥 (11,000원)",영업시간 매일 11:00 ~ 21:30
우동가조쿠,"돈까스,우동",4.2,292,"서울 성동구 왕십리로 215-2 1층
(지번) 행당동 32-21",37.556790889381,127.042865404594,,"가조쿠우동 (7,500원), 붓가케우동 (6,500원), 라유멘 (9,000원), 육육우동 (8,000원), 치즈육육우동 (9,500원), 키츠네우동 (7,000원), 유부초밥 (2개) (3,000원), 돈카츠토핑 (3,500원), 감자고로케 2개 (3,000원), 크림고로케 2개 (3,000원), 새우튀김 (2,500원), 생연어 샐러드 (소) (0원), 크림카레우동 (0원), 돈카츠정식 (0원), 가마타마 (0원)",영업시간 매일 11:00 ~ 20:00 · 휴게시간 매일 15:00 ~ 17:00
모리티아,디저트카페,3.6,58,"서울 성동구 아차산로5길 10 1층
(지번) 성수동2가 284-63",37.5466457745623,127.05258898187,02-460-8733,"모리라떼 (6,000원), 모리쿠키 (4,000원), 아메리카노 (4,300원), 딸기요모리치노 (5,800원), 썸띵오렌지스파클링 (5,800원), 바닐라빈 라떼 (5,700원), 카페라떼 (5,000원), 애플시나몬티 (6,000원), 자몽티 (6,000원), 한라봉티 (6,000원)",월~금 08:00 ~ 19:00
유가츠,"돈까스,우동",4.0,129,"서울 성동구 서울숲4길 12-7 지하1층
(지번) 성수동1가 668-89",37.5472709005903,127.042234172349,02-499-4273,"가츠동 (10,000원), 에비동 (11,000원), 에비가츠동 (12,500원), 사케동 (14,500원), 로스가츠 (12,000원), 히레가츠 (14,000원), 치즈가츠 (12,000원), 고구마치즈가츠 (13,500원), 김치가츠나베 (10,000원), 김치에비나베 (12,000원)","영업시간 월,화,수,금,토,일 11:30 ~ 21:00"
홍화돈,삼겹살,3.7,461,"서울 성동구 왕십리로4길 23-1 1층
(지번) 성수동1가 656-309",37.5469686908652,127.046356553137,02-464-7988,"숙성세트 (55,000원), 뼈구이2인 (55,000원), 꽃삼겹 (170g) (17,000원), 숙성삼겹 (170g) (17,000원), 숙성목살 (150g) (17,000원), 뼈구이 (500g) (17,000원), 뼈구이4인 (89,000원), 항정살 (150g) (18,000원), 한순남 한우된장찌개 (7,000원)",영업시간 매일 12:00 ~ 23:00 · 휴게시간 월~금 15:00 ~ 17:00
부부요리단,"육류,고기",3.1,12,"서울 성동구 독서당로40길 25-1 1층
(지번) 옥수동 392",37.5428111679777,127.017539927889,02-2295-5886,"갑오징어 (중) (29,000원), 갑오징어파전 (14,000원), 갑오징어숙회 (18,000원), 오삼불 (2-3인) (33,000원), 삼겹찜 (2-3인) (33,000원)",영업시간 매일 11:00 ~ 22:00 · 휴게시간 매일 15:00 ~ 17:00
베통 성수,카페,4.6,243,"서울 성동구 연무장7가길 8
(지번) 성수동2가 315-47",37.542935609775,127.055221402925,02-499-1112,"아메리카노 (5,000원), 카페라떼 (5,500원), 케인슈가라떼 (6,000원), 바닐라빈라떼 (6,500원), 아인슈페너 (7,000원), 너티초코 (6,500원), 밀크티 (6,500원), 얼그레이티 (5,500원), 캐모마일티 (5,500원), 그린마일편치 (6,500원), 하우스주스 (6,500원), 생딸기 멜로디 (7,000원), 생망고 멜로디 (7,000원), 생초코 멜로디 (7,000원)",매일 09:00 ~ 18:30
끄트머리집,"육류,고기",4.3,86,"서울 성동구 마조로3길 8 1층
(지번) 행당동 19-96",37.5586507509572,127.039974427569,02-2292-8574,"돼지김치구이 (중) (3인) (26,800원), 고기김치볶음밥 (점심특선) (4,800원), 돼지김치구이 (대) (4인) (33,500원), 돼지김치구이 (소)(2인) (18,800원), 전문가 생맥주 (2,200원), 마무리 볶음밥 (2,000원), 소주, 맥주 (4,000원), 고기김치볶음밥 곱빼기 (점심특선) (5,900원), 돼지김치구이 (특대) (39,900원), 혼밥세트 (9,500원), 고기김치볶음밥 곱빼기+고기추가 (점심특선) (6,900원)",영업시간 매일 11:00 ~ 21:30
본앤브레드 신관레스토랑,"육류,고기",3.3,99,"서울 성동구 마장로42길 1 지하1층,1-3층
(지번) 마장동 781-15",37.5667900850107,127.044501416681,02-2294-5005,"한우 맡김차림 (380,000원), 프라이빗 다이닝 디너(1인) (250,000원), 프라이빗 다이닝 런치(1인) (200,000원), 캐쥬얼 다이닝 코스(1인) (165,000원), 한우모듬(200g) (100,000원), 한우모듬(300g) (130,000원), 스피키지 스페셜(1인) (380,000원)","영업시간 월,수,목,금,토,일 12:00 ~ 22:15 · 휴게시간 월,수,목,금,토,일 15:00 ~ 18:00"
양평회관,삼겹살,3.9,437,"서울 성동구 마조로7길 16 1,2층
(지번) 행당동 1-30",,,,"급냉삼겹살 (14,300원), 생삼겹살 (14,800원), 목살 (14,800원), 생항정살 (16,800원), 차돌박이 (14,800원), 고추장불고기 (12,800원), 껍데기 (8,800원), 마약야채 돼지찌개 전골 (23,000원), 마약야채 돼지찌개(1인분, 공기밥포함) (8,000원), 된장찌개 (7,000원), 김치찌개 (7,000원), 순두부찌개 (7,000원), 제육볶음 (8,000원), 물냉면 (7,000원), 비빔냉면 (7,000원)",영업시간 매일 11:30 ~ 24:00
이로우,일본식주점,4.0,311,"서울 성동구 연무장길 12 1층
(지번) 성수동1가 16-27",37.5437148808264,127.050813887816,02-6953-7448,"모둠사시미 (34,000원), 레드 가라아게 (18,000원), 블랙 가라아게 (18,000원), 차돌박이 참깨나베 (23,000원), 차돌박이 숙주볶음 (20,000원), 매운해물짬뽕나베 (29,000원), 화이트크림새우 (26,000원)",영업시간 매일 17:00 ~ 01:00
장모족발 서울1호점,"족발,보쌈",4.6,38,"서울 성동구 마조로 15-10 1층
(지번) 행당동 19-97",37.5591146619706,127.040275957632,02-2294-0327,"핫바베큐족＋쟁반막국수＋콜라 500mL (41,000원), （족발반＋보쌈반）＋쟁반막국수＋콜라 (43,000원), （족발반＋불족발반）＋쟁반막국수＋콜라 (43,000원), （족발반＋핫바베큐반）＋쟁반막국수＋콜라 (43,000원), 족발 뒷다리 中＋쟁반막국수＋콜라 500mL (36,000원), 족발 앞다리 大＋쟁반막국수＋콜라 500mL (40,000원), 오븐족＋쟁반막국수＋콜라 500mL (41,000원), 갈릭족＋쟁반막국수＋콜라 500mL (41,000원), 꽃게장 보쌈 中＋쟁반막국수＋콜라 500mL (36,000원), 꽃게장 보쌈 大＋쟁반막국수＋콜라 500mL (40,000원), （족발반＋갈릭족반）＋쟁반막국수＋콜라 (43,000원), 쟁반막국수 (10,000원), 모래집구이 (15,000원), 왕새우튀김 (12,000원), 고구마치즈스틱 (12,000원), 콜라 500mL (2,000원), 사이다 500mL (2,000원), 소주 (3,000원)",영업시간 매일 12:00 ~ 06:20
스시존,"초밥,롤",4.0,29,"서울 성동구 마조로7길 4 1층
(지번) 행당동 1-99",37.5608466983221,127.040916591906,070-4045-5253,"모듬사시미 (40,000원), 생연어 덮밥 (15,000원), 우동 (7,000원), 커플세트(2인) (29,800원), 모듬초밥 (10p) (14,000원), 특선초밥 (12p) (16,000원), 스페셜초밥 (12p) (19,000원), 스시존 정식(2인) (50,000원), 절임참치 덮밥 (12,000원), 절임광어 덮밥 (11,000원), 지라시 덮밥 (11,000원), 직화 불초밥 (10p) (15,000원), 연어초밥(10p) (22,000원), 연어아부리(스테이크)초밥 (10p) (23,000원), 5종모듬새우초밥 (10p) (17,000원), 연어사시미 (40,000원), 광어사시미 (45,000원), 광어반 연어반 (10p) (21,500원), 절임참치덮밥 (12,000원), 생새우(단품스시) (1,700원)",영업시간 월~토 11:20 ~ 22:00
하동진,국밥,3.5,115,"서울 성동구 행당로17길 17 1층
(지번) 행당동 298-42",37.5599257906889,127.033157703834,02-6405-7001,메뉴 없음,매일 08:00 ~ 23:00
밀도 성수본점,"제과,베이커리",3.7,153,"서울 성동구 왕십리로 96 1층
(지번) 성수동1가 656-442",37.546241343086,127.044883106422,02-497-5050,"담백식빵 (7,800원), 리치식빵 (8,400원), 마롱미니 (8,200원), 리치에감자 크림치즈 (6,600원), 큐브 커스터드 (4,200원)",영업시간 매일 11:00 ~ 21:30
브라운팟,카페,3.9,48,"서울 성동구 무학봉28길 16 1층
(지번) 행당동 286-19",37.5616530510844,127.033619688963,02-2299-2201,"아메리카노 (4,300원), 깜빠뉴 치즈 스틱 (2,400원), 닭가슴살 샌드위치 (7,900원), 바질 연어 샐러드 (11,500원), 레몬 파운드 케이크 (6,300원)",매일 10:00 ~ 22:00
서울왕족발보쌈,"족발,보쌈",4.3,30,"서울 성동구 마조로3가길 27 1층
(지번) 행당동 19-58",37.5597733649523,127.040057874998,02-2297-4008,"보쌈＋쟁반막국수＋보쌈김치＋공기밥＋코카콜라 (33,000원), 모듬（족발＋보쌈）＋쟁반막국수＋보쌈김치＋공기밥＋코카콜라 (46,000원), 양념족발＋쟁반막국수＋보쌈김치＋공기밥＋코카콜라 (36,000원), 반반（양념족발반＋족발반）＋쟁반막국수＋보쌈김치＋공기밥＋코카콜라 (49,000원), 족발＋쟁반막국수＋보쌈김치＋공기밥＋코카콜라 (33,000원), 양념족발 ＋보쌈 ＋쟁반막국수 ＋보쌈김치 ＋공기밥 ＋코카콜라 (49,000원)",영업시간 매일 15:00 ~ 01:30
춘향미엔,중국요리,4.3,261,"서울 성동구 왕십리로21길 26 1층
(지번) 행당동 299-1",37.5605553626977,127.03201349575,02-2281-9031,"온면 (10,000원), 매운온면 (10,000원), 온국밥 (11,000원), 매운온국밥 (11,000원), 비빔면 (9,000원), 매운비빔면 (9,000원), 냉면 (9,000원), 매운냉면 (9,000원), 마라비빔면 (10,000원), 차돌 한접시（우삼겹150g） (9,000원), 고기만두 (11,000원), 부추만두 (11,000원), 만두 반반 (11,000원), 마라온면 (11,000원), 마라매운온면 (11,000원), 마라온국밥 (12,000원), 마라매운온국밥 (12,000원), 마라냉면 (10,000원), 아기냉면 (9,000원), 아기비빔면 (9,000원), 냉동만두 포장 (11,000원), 공깃밥 (1,000원), 꼬마물만두 (8,000원), 고수（포장） (500원), 코카콜라 355mL (2,000원), 칠성 사이다 355mL (2,000원), 환타（파인애플맛） 355mL (2,000원), 코카콜라 제로 355ml (2,000원)",영업시간 월~토 11:00 ~ 02:00 · 휴게시간 월~토 14:50 ~ 16:30
행운돈까스,"돈까스,우동",3.7,189,"서울 성동구 마조로1길 2
(지번) 행당동 20-17",37.5583719622945,127.040298759314,02-2296-3406,"돈까스 (9,000원), 정식 (10,000원), 생선까스 (10,000원), 고구마돈까스 (10,000원), 돈까스&김치볶음밥 (10,000원), 매운돈까스 (10,000원), 치즈돈까스 (10,000원), 새우정식 (10,000원)",매일 10:30 ~ 21:00
고집132 성수본점,삼겹살,4.6,212,"서울 성동구 왕십리로8길 5 대영빌딩1층
(지번) 성수동1가 656-385",37.5465384293714,127.045284549478,02-466-6662,"제주숙성도끼갈비 (34,000원), 제주숙성쫄깃살 (18,000원), 제주숙성특삼겹 (18,000원), 제주숙성진목살 (18,000원), 제주숙성돼지 김치찌게 (7,000원), 꽃게 된장찌게 (7,000원), 고집 막국수 (7,000원), 파무침비빔밥 (6,000원), 비빔국수 (6,000원), 김치라면 (4,000원)",영업시간 매일 12:00 ~ 24:00 · 휴게시간 월~금 15:00 ~ 17:00
치카이라멘 옥수본점,일본식라면,4.4,66,"서울 성동구 한림말3길 15-16 1층
(지번) 옥수동 293",37.542277177158,127.015373253741,010-3750-1359,"돈코츠라멘 (10,000원), 매운돈코츠라멘 (10,500원), 차슈덮밥 (10,000원), 마제소바 (11,500원), 매운마제소바 (12,000원)",영업시간 월~금 11:00 ~ 21:30 · 휴게시간 월~금 15:00 ~ 17:00
누메로뜨레쓰,이탈리안,4.1,154,"서울 성동구 성수일로 21 1층
(지번) 성수동1가 656-1661",37.5425334900341,127.048675836569,02-465-7943,"시저 샐러드 (12,000원), 당근스프 (5,000원), 가지 그라탕 (14,000원), 삼치 피자 (17,000원), 깔조네 (14,000원)",영업시간 매일 11:00 ~ 21:00 · 휴게시간 매일 15:00 ~ 17:00
순곱이네 한양대점,"곱창,막창",4.0,92,"서울 성동구 마조로1길 40-1 1층
(지번) 행당동 1-16",37.5610098366954,127.039422115914,02-6338-1817,"순대곱창버섯전골 (29,000원), 순대버섯전골 (29,000원), 순대한판(찜순대) (13,000원)",영업시간 매일 15:00 ~ 00:30
뚝섬해물탕,"매운탕,해물탕",3.1,32,"서울 성동구 성덕정19길 3
(지번) 성수동2가 566-20",37.5373309880902,127.055694632508,02-497-4889,"싱싱한 낙지탕탕이 2마리 (30,000원), 해물탕（비가열, 끓여드셔야합니다） (45,000원), 해물찜 (45,000원), 아구찜 (35,000원), 아구탕（비가열, 끓여드셔야합니다） (35,000원), 꽃게찜 (35,000원), 꽃게탕（비가열, 끓여드셔야합니다） (35,000원), 대하찜 (28,000원), 대구뽈찜 (25,000원), 대구뽈탕（비가열, 끓여드셔야합니다） (25,000원), 낙지찜 (35,000원), 산낙지볶음 2인분 (50,000원), 연포탕（비가열, 끓여드셔야합니다） 2인분 (50,000원), 콜라（뚱캔） 1캔 (2,000원), 사이다（칠성 뚱캔） 1캔 (2,000원)",매일 10:00 ~ 22:00 · 휴게시간 매일 14:00 ~ 16:00
양대포,"곱창,막창",4.5,657,"서울 성동구 마조로 17 2층
(지번) 행당동 19-54",37.5595557237992,127.040469845279,02-2294-9222,"낙곱새(2인) (32,000원), 낙곱새(3인) (48,000원), 돈차돌(1인) (12,900원), 뽈살(1인) (10,900원), 두항정(1인) (10,900원), 대창(150g) (16,900원), 막창(150g) (17,900원), 특양(130g) (23,900원)",영업시간 매일 12:00 ~ 24:00
인더매스 마장,카페,4.3,368,"서울 성동구 마장로 270 1층
(지번) 마장동 776-1",37.5655440076255,127.039967923778,02-6084-8996,"치아바타 샌드위치 (8,900원), 스윗솔티라떼 (5,800원), 아메리카노 (4,800원), 라떼 (5,500원), 빅토리아 스콘 (5,000원), 자몽 블랙티 (6,000원), 딸기 크림 라떼 (6,000원)",매일 09:00 ~ 21:00
램플러스 한양대직영점,양꼬치,3.7,20,"서울 성동구 마조로 27 1층
(지번) 행당동 4-36",37.5602566491519,127.04087722192,02-2281-0405,"양갈비살꼬치 (10개) (15,000원), A++ 양갈비스테이크 (230~250g) (29,000원), 찹쌀탕수육 (18,000원), 크림새우 (18,000원), 깐풍기 (18,000원), 옥수수온면 (8,000원), 양꼬치 오리지널(1인분) (15,000원), 양꼬치 데리야끼(1인분) (15,000원), 양꼬치 매운맛(1인분) (15,000원), 해물누룽지탕 (19,000원), 나가사끼짬뽕탕 (19,000원), 해물짬뽕탕 (19,000원), 연유꽃빵(8개) (7,000원), 계란볶음밥 (6,000원)",영업시간 월~목 15:00 ~ 24:00
맛차차,카페,3.3,120,"서울 성동구 서울숲2길 18-11
(지번) 성수동1가 685-450",37.5468488230602,127.040577153526,,"프리미엄잎차 (15,000원), 클래식 말차 (12,000원), 클라우드 말차 (12,000원), 시그니처 티코스(예약제) (30,000원)","월,화,일요일"
색다른면,분식,4.3,16,"서울 성동구 뚝섬로9길 16 지층 101호
(지번) 성수동2가 328-13",37.5396669328887,127.056428786588,02-464-6009,"그윽한 향 베이컨 국수 (10,000원), 깔끔한 평양식 물냉면 (10,000원), 상큼한 맛 토마토 소고기 카레국수 (10,000원), 궁중만두 4P (4,000원), (곱배기) 깔끔한 평양식 물냉면 (12,000원), 깔끔한 평양식 밀면 (10,000원), (곱배기) 깔끔한 평양식 밀면 (12,000원), [곱배기] 그윽한 향 베이컨국수 (12,000원), [곱배기] 상큼한 맛 토마토 소고기 카레국수 (12,000원)",영업시간 월~금 11:00 ~ 20:00 · 휴게시간 월~금 15:00 ~ 17:00
코너룸,양식,4.4,548,"서울 성동구 상원길 64 2층 201호
(지번) 성수동1가 13-441",37.5497472507343,127.048009686799,02-6951-0323,"포르치니 머쉬룸버터 베이스 파스타 (22,000원), 초리조 라구 파스타 (20,000원), 살치살카츠, 레드와인 그레이비, 아스파라거스 피클 (34,000원), 연어스테이크, 호박고구마퓨레 (32,000원)","영업시간 월,수,목,금,토,일 11:30 ~ 22:30 · 휴게시간 월,수,목,금,토,일 15:00 ~ 17:30"
라무진 성수점,"육류,고기",3.5,112,"서울 성동구 아차산로7길 28 성수쇼핑센타 1층 8.20호
(지번) 성수동2가 289-4",37.5475441473972,127.055376778184,02-463-1001,"징기스칸 프렌치랙 (180-220g) (32,000원), 징기스칸 양갈비 (250g) (32,000원), 징기스칸 양고기 (200g) (25,000원), 오뎅탕 (13,000원), 마늘밥 (3,000원)",영업시간 월~금 17:00 ~ 22:00
어반스푼,이탈리안,3.7,24,"서울 성동구 독서당로 223 래미안옥수리버젠아파트 상가 1층
(지번) 옥수동 561",37.5442707521164,127.015191933825,02-2291-0737,"urban's 콥 샐러드 (18,500원), 뚝배기 해산물 토마토 링귀니 (22,500원), 라구볼로네제 스파게티니 (20,500원), 베이컨&로메인 시져샐러드 (18,500원), 새우5마리 추가 (4,000원), 리코타치즈 그린 플랫브래드 (27,900원), 고르곤졸라피자with유자소스（리뉴얼） (21,900원), 새우&파인애플치즈 피자 (23,500원), 오리지널 페퍼로니 피자 (23,500원), 루꼴라 하몽 피자 (25,400원), 해산물 토마토 스파게티니 (22,900원), 새우 로제소스 스파게티니 (22,900원), 새우 & 갈릭 오일 스파게티니 (18,500원), 봉골레 스파게티니 (18,500원), 명란오일스파게티 (18,500원), 매콤 해산물 크림 뚝배기 링귀니 (24,900원), 명란 크림 링귀니 파스타 (22,900원), 까르보나라 (22,900원), 버섯크림 딸리아뗄레 with 트러플오일 (23,500원), 버섯 크림 리조또 (22,500원), 해산물 토마토 리조또 (21,500원), 새우 로제소스 리조또 (21,500원), 매콤 딱새우비스큐 리조또 (22,900원), 코카콜라 355mL（1개） (2,500원), 스프라이트 355mL（1개） (2,500원), 골드메달 애플쥬스（플레인）탄산X (5,000원), 분다버그 핑크자몽 375mL（병음료） (5,000원), 제로코크 355mL (2,500원), 페리에 레몬 330mL（병） (4,000원), 펩시 라임 제로 슈거 355ml (2,500원)",영업시간 매일 11:00 ~ 21:00 · 휴게시간 매일 15:30 ~ 17:00
성수베이킹스튜디오,"제과,베이커리",4.6,620,"서울 성동구 서울숲2길 46 지하1층
(지번) 성수동1가 668-123",37.5461965391103,127.043747525348,02-468-0789,"아몬드크루아상 (3,800원), 스콘 (2,700원), 앙버터 (4,700원), 잠봉뵈르 (5,800원), 대파베이첼 (5,300원), 소금빵 (2,700원), 파네토네 (38,000원), 프레젤 (가격정보 없음)",매일 08:00 ~ 18:00
서울숲누룽지통닭구이,치킨,3.6,318,"서울 성동구 왕십리로5길 10 1, 2층
(지번) 성수동1가 656-940",,,02-462-9920,"누룽지 통닭 (24,000원), 누룽지 파닭 (26,000원), 누룽지 양파닭 (26,000원), 누룽지 불치즈 (30,000원), 누룽지 양념 (26,000원), 누룽지 콘치즈 (28,000원), 누룽지 파콘치즈 (30,000원)",영업시간 월~금 16:00 ~ 23:00
고운돈카츠 본점,"돈까스,우동",4.4,105,"서울 성동구 아차산로 92 1층 105호
(지번) 성수동2가 314-5",37.5447523880259,127.054242462371,02-464-4004,"등심카츠정식 (13,000원), 안심카츠정식 (14,000원), 등심카츠카레 (13,000원), 카츠동 (14,000원)",영업시간 월~금 11:00 ~ 21:00 · 휴게시간 월~금 15:00 ~ 17:00
노무라,와인바,5.0,11,"서울 성동구 마장로26길 13
(지번) 홍익동 125-1",37.565694613197,127.03588856478,070-7543-1351,"치킨난방 (18,000원), 치킨찜 (폰즈소스) (16,000원), 난코츠카라아게 (10,000원), 새우마요네즈 (18,000원), 새우갈릭버터구이 (18,000원), 노무라 카레 (현미밥) (11,000원)",영업시간 매일 17:00 ~ 24:00
만두전빵,한식,3.9,259,"서울 성동구 행당로15길 2-1 1층
(지번) 행당동 317-72",37.5583389368454,127.031914648739,02-2292-6882,"만두전골 (2인) (24,000원), 아롱사태수육 만두전골 (2인) (32,000원), 개성만두 (7,000원), 부추만두 (7,000원), 반반만두 (7,000원), 코다리 비빔냉면 (9,000원), 열무 물냉면 (9,000원), 녹두전 (2장) (8,000원)",영업시간 매일 11:30 ~ 21:00 · 휴게시간 매일 15:00 ~ 16:00
플래드카페,커피전문점,4.4,149,"서울 성동구 서울숲2길 12-7 1,4층
(지번) 성수동1가 685-507",37.5470895391629,127.039874103325,02-6212-8511,"플래드 라떼 (7,500원), 달프 크림 (7,500원), 플래드 에이드 (7,000원), 하이볼 (9,500원), 얼그레이 하이볼 (11,000원), 아메리카노 (5,500원), 크렘브륄레 (6,200원), 레몬케이크 (6,500원)",영업시간 매일 12:00 ~ 21:00
키친우라와,일식,4.5,40,"서울 성동구 난계로 61 지층
(지번) 금호동1가 132-6",37.5576607848038,127.024213137577,0507-1389-2352,"사케동 (12,000원), 쇼가야키 (10,500원), 밀푀유 치즈 돈가츠 (10,500원), 치킨 난바 (10,500원), 치킨 카라아게 (9,000원)","월,화요일"
띵똥와플 본점,간식,4.3,185,"서울 성동구 마조로1길 32 1층
(지번) 행당동 4-11",37.5602401877062,127.039474565742,02-2281-8184,"플레인와플 (생크림+사과잼) (3,000원), 플레인와플 (요거트아이스크림+사과잼) (3,200원), 누텔라(카카오와플) (3,200원), 플레인와플(슈가버터맛+사과잼) (2,200원), 플레인와플(슈가버터맛+딸기잼) (2,200원), 플레인와플(슈가버터맛+초코시럽) (2,200원), 플레인와플(슈가버터맛+카라멜시럽) (2,200원), 플레인와플(초코아이스크림) (2,200원), 플레인와플(딸기아이스크림) (2,200원), 플레인와플 (생크림+딸기잼) (3,000원), 플레인와플 (생크림+초코시럽) (3,000원), 플레인와플 (생크림+카라멜시럽) (3,000원), 플레인와플 (요거트아이스크림+딸기잼) (3,200원), 플레인와플 (요거트아이스크림+초코시럽) (3,200원), 플레인와플 (요거트아이스크림+카라멜시럽) (3,500원), 플레인와플 (크림치즈) (3,200원), 플레인와플 (블루베리잼) (3,200원), 플레인와플 (생크림+연유) (3,000원), 플레인와플 (로투스) (3,200원), 땅콩버터(크런치와플) (3,200원)",영업시간 매일 12:00 ~ 24:00
대도숯불갈비,갈비,4.7,35,"서울 성동구 용답중앙13길 15 1층
(지번) 용답동 70-10",37.5655413643033,127.053077994064,02-2242-8338,"특 한우안창 (120,000원), 특 한우토시살 (90,000원), 한우치마살 (65,000원), 치마살육회 (65,000원), 한우생등심 (60,000원), 한우부채살 (70,000원), 생삼겹살 (15,000원)",영업시간 월~토 11:00 ~ 21:30
이월로스터스 성수점,카페,4.1,76,"서울 성동구 서울숲2길 46
(지번) 성수동1가 668-123",37.5461965391103,127.043747525348,070-7755-2568,"에스프레소 (4,500원), 아메리카노 (4,500원), 카페라떼 (5,500원), 바닐라빈라떼 (6,500원), 이월크림라떼 (6,500원), 콜드브루 (5,500원), 티 블랜디드 콜드브루 (6,000원), 에스프레소 그라나따 (6,500원), 자몽주스 (6,000원), 레몬에이드 (6,500원), 패션후르츠에이드 (6,500원), 황매실 에이드 (6,500원), 페어 진저 에이드/티 (6,500원), 딸기라떼 (6,000원), 밀크티 (6,500원), 다크 브라우니 (4,500원), 티라미슈 (7,000원), 롤케이크 (5,500원), 르뱅 쿠키 (4,500원), 솔티 초코 쿠키 (4,500원)",영업시간 매일 11:50 ~ 22:00
평이담백뼈칼국수 성수점,칼국수,3.4,559,"서울 성동구 상원10길 10 지하1층, 1층
(지번) 성수동1가 13-110",37.5493698460297,127.049048518038,070-8870-6879,"뼈칼국수 (11,000원), 비빔칼국수 (10,000원), 애호박바지락뼈전골(중) (30,000원)",영업시간 매일 11:00 ~ 21:00
스시도쿠겐 왕십리본점,일식,4.7,779,"서울 성동구 왕십리로 295 1층
(지번) 행당동 268",37.560441309643,127.035736080166,02-3395-0023,"22품 런치 (49,000원), 스시와 가이세키 25품 디너 (79,000원), 사시미와 가이세키 27품 디너 (119,000원)",영업시간 월~토 12:00 ~ 20:30 · 휴게시간 월~토 13:30 ~ 17:00
Bored&Hungry,양식,4.3,596,"서울 성동구 성수이로12길 17-1 1층
(지번) 성수동2가 269-278",37.5396693219271,127.057268131326,02-467-8638,"O.G Champion burger O.G 챔피언버거 (11,900원), Big Shrimp O.G 새우버거 (11,900원), Classic cheese single 클래식치즈 싱글 (8,900원), Classic cheese double 클래식치즈 더블 (12,900원), B.L.T.J Burger single B.L.T.J 버거 싱글 (11,900원), B.L.T.J Burger double B.L.T.J 버거 더블 (15,900원), P.B.B Burger double 피넛베이컨치즈 더블 (11,900원), P.B.B Burger triple 피넛베이컨치즈 트리플 (14,900원), Mutant Big shrimp 뮤턴트빅쉬림프 🌶🌶 (11,900원), Seasoned Fries 감자튀김 (4,000원), Butter Garlic Fries 버터갈릭프라이즈 (6,900원), Corn ribs 콘립 (5,900원), Hanwoo Hangover stew 한우해장스튜 (7,900원), Corn Salad 콘샐러드 (2,900원), Hot wings 6pc 핫윙 6조각 (8,400원), Hot wings 10pc 핫윙 10조각 (11,400원), Vanilla shake 바닐라쉐이크 (6,400원), Salt&Pepper Virgin Shake 솔트&페퍼 버진쉐이크 (6,900원), Sesame Shake 참기름쉐이크 (6,900원), Draft Beer(Budweiser) 생맥주(버드와이져) (5,500원)",영업시간 매일 11:00 ~ 20:50 · 휴게시간 월~금 15:40 ~ 17:00
스탠다드브레드 성수,"제과,베이커리",3.8,278,"서울 성동구 성수이로18길 37 1층
(지번) 성수동2가 273-53",37.5416433682277,127.061130629923,,"스탠다드슈페너 (6,800원), 스탠다드모카 (6,800원), 마일드롱블랙 (5,000원), 디카페인롱블랙 (5,500원), 플랫화이트 (6,000원), 바닐라플랫화이트 (6,500원), 얼그레이 (6,500원), 카모마일 (6,500원)",매일 09:00 ~ 21:00
서우,중국요리,3.8,101,"서울 성동구 서울숲2길 32-14 갤러리아포레 지하 1층 117호
(지번) 성수동1가 685-696",37.5456773286722,127.042914714267,02-464-5333,"잡탕밥 (22,000원), 황제짬뽕밥 (20,000원), 송이버섯밥 (18,000원), 해물마파두부밥 (18,000원), 해물백짬뽕밥 (14,000원), X.O해물볶음밥 (14,000원), 새우볶음밥 (13,000원), 유산슬밥 (18,000원), 해물 짬뽕밥 (14,000원), 한우 스테이크 짜장면 (30,000원), 황제짬뽕면 (20,000원), 부추짜장면 (14,000원), 해물짬뽕 (14,000원), 해물백짬뽕 (14,000원), 유니짜장면 (12,000원), 짜장면 (10,000원), 마카오초면 (18,000원), 광동초면 (18,000원), 한우 안심 송이볶음 (64,000원), 한우 버터 탕수육 (55,000원), 한우 안심 탕수육 (50,000원), 난자완스 (40,000원), 동파육 (45,000원), 버터탕수육 (39,000원), 꿔바로우 (36,000원), 돼지고기 탕수육 (34,000원), 어향가지 (38,000원), 고추잡채 (34,000원), 청경차 모둠버섯 (30,000원), 어자해삼송이(S) (70,000원), 광동식전가복 (69,000원), 송이해물누룽지탕 (45,000원), 팔보채 (45,000원), 게살유산슬 (38,000원), 깐풍기 (36,000원), 유린기 (34,000원)",영업시간 매일 11:30 ~ 21:30 · 휴게시간 매일 15:00 ~ 17:30
성수스타우트,"호프,요리주점",4.6,24,"서울 성동구 왕십리로5길 12-1 2층
(지번) 성수동1가 656-938",37.5470431637967,127.044348563649,02-465-1201,"Buratta Salad (18,000원), Ham Platter (23,000원), Fresh Olive (7,000원), Tarte Flambee (Half) (11,000원), Potato Fries (8,000원)",영업시간 매일 18:00 ~ 24:00
굿갓레스토랑 성수역점,양식,4.0,210,"서울 성동구 연무장길 41-22 2층 201호
(지번) 성수동2가 316-23",37.5433352104644,127.05423328844,0507-1330-2497,"비프 샐러드 파스타 (19,000원), L-Bone 스테이크 (38,000원), 매콤 알프레도 크림 치킨 파스타 (17,000원), 소고기 해산물 빠에야 (18,000원), 트러플 오일 비프 크림 리조또 (22,000원), 이베리코 돈마호크 스테이크 (25,000원), Good God (13,000원), 포터하우스 (78,000원)",월요일
라온석갈비 성수본점,갈비,3.3,14,"서울 성동구 성수이로 119 덕산빌딩 1층
(지번) 성수동2가 289-9",37.5457313952326,127.057146935971,02-466-1616,"꽃갈비 (29,000원), 한우꽃등심 (42,000원), 라온갈비탕 (17,000원), La양념갈비 (35,000원), 돼지석갈비 (19,000원)",영업시간 매일 11:30 ~ 21:30 · 휴게시간 매일 15:00 ~ 16:30
팩피,이탈리안,3.8,245,"서울 성동구 왕십리로 136 102호
(지번) 성수동1가 656-996",37.5496933703184,127.044563788681,02-6052-7595,"검은깨 크래커 (13,000원), 감자후추집 (26,000원), 우렁이 루마치네 파스타 (25,000원), 고수 스파게티 파스타 (26,000원), 오징어 리가토니 파스타 (27,000원), 농어 프레굴라 파스타 (29,000원), 오리 또르틸리오니 (30,000원)","월,화요일"
프롤라,커피전문점,4.3,543,"서울 성동구 연무장17길 5
(지번) 성수동2가 272-35",37.5412530634959,127.060940216094,070-4036-9616,"트러플 파르마 (16,000원)",월요일
아이오쓰리 성수사거리점,카페,4.7,35,"서울 성동구 성수이로20길 60 1층
(지번) 성수동2가 275-54",37.5416666330794,127.06314906336,02-497-1961,"아메리카노 (2,900원), 아이오슈페너 (6,000원), 흑임자슈페너 (6,500원), 에스프레소 (2,700원), 카페라떼 (3,900원), 카푸치노 (4,200원), 바닐라라떼 (4,800원), 카페모카 (4,800원), 연유라떼 (4,800원), 토피넛샷라떼 (4,800원), 콜드브루 (4,200원), 흑임자라떼 (5,500원), 초코라떼 (4,500원), 녹차라떼 (4,500원), 밀크티 (6,000원), 복숭아 아이스티 (3,800원), 딸기라떼 (5,500원), 딸기요거라떼 (6,000원), 레몬티 (5,000원), 자몽티 (5,000원)",월~금 08:00 ~ 19:30
로컬릿,이탈리안,3.8,357,"서울 성동구 한림말길 33 2층
(지번) 옥수동 201-1",37.5409414348017,127.014746912628,02-2282-1124,"가지 라자냐 (17,000원), 라구 리가토니 (22,000원), 호박 까넬르니 (20,000원), 새우 리조또 (24,000원), 26도라인 생콤부차 (7,000원), 오미베리 스파클링 (6,000원), 온어락 레몬 소다 (6,000원), 모지 피노누아 (56,000원), 모지 소비뇽 블랑 (49,000원)","영업시간 월,목,금,토,일 11:00 ~ 21:00 · 휴게시간 월,목,금 15:00 ~ 17:00"
퍼먼트,"제과,베이커리",3.4,712,"서울 성동구 서울숲2길 37 지하1층, 1층
(지번) 성수동1가 668-73",37.5466348793846,127.042751860119,010-3911-0072,"아이스아메리카노 (5,000원), 카페라떼 (5,500원)",영업시간 매일 12:00 ~ 22:00
고깃집왕고을,"육류,고기",4.3,116,"서울 성동구 왕십리로24길 10-2 1층
(지번) 도선동 152-1",37.5631552255356,127.034132639355,02-2292-3399,"소한상 (66,000원), 돼지한상 (52,000원), 토시살(150g) (24,000원), 갈빗살(150g) (22,000원), 꼬릿살(150g) (11,000원), 특목살(180g) (18,000원), 오겹살(180g) (18,000원), 가브리(150g) (19,000원), 김치말이 국수 (7,000원), 김치비빔 국수 (7,000원), 엄마손 된장찌개 (6,000원), 태백 얼큰라면 (6,000원), 폭탄 계란찜 (6,000원)",영업시간 월~토 16:00 ~ 23:00
나인헤르츠,카페,3.4,74,"서울 성동구 왕십리로 285 1,2층
(지번) 행당동 249-4",,,,"아메리카노(HOT) (3,800원), 카푸치노(HOT) (4,300원), 카페라떼(HOT) (4,300원), 카페모카(HOT) (4,600원), 아포카토 (6,000원)",월~토 09:00 ~ 24:00
신숯불탁탁,"육류,고기",4.5,47,"서울 성동구 고산자로24길 12-1 3층
(지번) 마장동 510-8",37.5697868801066,127.038908421342,02-2299-4987,"돼지고기 고추장찌개 (7,000원), 된장찌개 (6,000원), 육회무침비 (5,000원), 냉면 (5,000원)","첫째,셋째 월요일"
시옹마오,동남아음식,4.4,523,"서울 성동구 연무장7길 7-1 린빌딩 3층
(지번) 성수동2가 316-1",37.5434718818317,127.054451324436,02-6401-0119,"시옹만두 (8,500원), 홍소 우육면 (11,800원), 치킨바오 (5,300원), 라구탄탄면 (10,800원), 어향가지튀김 (14,500원)",월요일
온더,디저트카페,4.2,145,"서울 성동구 광나루로 315 1층
(지번) 송정동 66-259",37.5483422189684,127.064823842909,02-6498-5006,"아메리카노 (2,900원), 카페라떼 (3,900원), 타히티바닐라라떼 (4,300원), 패션프룻 에이드 (4,500원), 레드 자몽 에이드 (4,500원), 마르코 폴로 (5,900원), 웨딩 임페리얼 (5,900원), 볼레로 (5,900원), 리얼딸기라떼 (5,900원)",영업시간 매일 11:30 ~ 18:00
훼미리손칼국수보쌈,"족발,보쌈",3.5,706,"서울 성동구 왕십리로 134 1층
(지번) 성수동1가 656-970",37.5495264804791,127.044629777329,,"감자전 (16,000원), 보쌈정식 (15,000원), 보쌈 (중) (34,000원), 손칼국수 (9,000원), 접시만두 (10,000원)",영업시간 매일 11:30 ~ 22:00
뵈르뵈르,아이스크림,3.3,475,"서울 성동구 연무장7길 8 1층
(지번) 성수동2가 315-32",37.5433015283785,127.054591173253,,"싱글(컵/콘) (4,700원), 더블(컵/콘) (6,500원), 트리플 (11,200원), 쿼드러플 (18,900원), 아이스팝콘(175g) (6,500원)",영업시간 월~목 11:00 ~ 20:30
마오,베트남음식,4.7,132,"서울 성동구 뚝섬로4길 21 지하 1층
(지번) 성수동1가 275-6",37.5389686315866,127.050937053628,,"닭쌀국수 (10,000원), 오향쌀국수 (11,000원), 함박쌀국수 (13,000원), 매운닭발쌀국수 (14,000원), 치킨라이스 (12,000원), 분짜 (15,000원)",영업시간 매일 11:30 ~ 21:00 · 휴게시간 월~금 15:00 ~ 17:00
갓잇 서울숲점,"멕시칸,브라질",4.6,502,"서울 성동구 왕십리로10길 9-14 1층
(지번) 성수동1가 656-402",37.5470131175042,127.045876213914,02-6339-1231,"B세트 파히타 (2인 세트) (39,000원), C 세트 엔칠라다 (2인 세트) (39,000원), A세트 갓보울 (2인 세트) (37,000원), 타코 세트 (3인 세트) (52,000원), 패밀리 세트 (4인 세트) (72,000원), 갓 보울 (18,000원), 갓 파히타 (23,000원), 갓 엔칠라다 (23,000원), 칠리 콘 카르네 (9,000원), 버팔로윙&포테이토 (9,000원), 나쵸칩 (5,000원), 쉬림프타코(1pc,2pcs,3pcs) (5,000원), 치킨타코(1pc,2pcs,3pcs) (5,000원), 포크타코(1pc,2pcs,3pcs) (5,000원), 치킨브리또 (9,000원), 포크브리또 (9,000원), 콤보브리또 (10,000원), 비프브리또 (10,000원), 콤보보울 (10,000원)",영업시간 매일 11:00 ~ 21:30 · 휴게시간 월~금 15:00 ~ 16:30
한냄비,샤브샤브,4.5,57,"서울 성동구 왕십리로 66-26 우성빌딩
(지번) 성수동1가 656-461",37.543044093483,127.045024556518,02-469-0166,"저녁 샤브샤브(150g) (19,900원), 저녁 샤브샤브(150g)한우 (26,900원), 저녁 스키야키(150g) (19,900원), 점심 샤브샤브(100g) (14,900원), 점심 스키야키(100g) (14,900원), 점심 샤브샤브(100g)한우 (19,900원), 점심 스키야키(100g)한우 (19,900원)",영업시간 월~금 11:00 ~ 21:30 · 휴게시간 월~금 15:00 ~ 17:00
금룡,중국요리,3.2,33,"서울 성동구 마조로 21 1층
(지번) 행당동 19-9",37.5599052786455,127.040824401217,02-2299-4676,"볶음밥 (7,500원), 김치볶음밥 (8,000원), 짜장면 (6,000원), 짬뽕 (7,000원), 간짜장 (7,500원), 잡탕밥 (15,000원), 삼선누룽지탕 (12,000원), 삼선짬뽕 (10,000원), 삼선짜장 (10,000원), 군만두 (6,000원), 차돌짬뽕 (10,000원), 삼선볶음밥 (10,000원), 새우볶음밥 (9,000원), 마파두부밥 (9,000원), 오징어덮밥 (10,000원), 잡채밥 (9,000원), 갈비탕 (9,000원), 우동 (7,000원), 기스면 (10,000원), 홍합짬뽕 (9,000원), 매운짬뽕 (9,000원), 굴짬뽕 (10,000원), 볶음짬뽕 (9,000원), 물만두 (6,000원), 짬뽕밥 (8,000원), 짜장밥 (7,500원), 삼겹제육덮밥 (10,000원), 육개장 (9,000원), 짬짜면 (8,000원), 해물누룽지탕 (25,000원), 깐풍기 (28,000원), 양장피 (30,000원), 팔보채 (30,000원)",매일 00:00 ~ 24:00
숯불닭갈비 계자람 성수 본점,닭요리,4.7,147,"서울 성동구 성덕정17길 5 1층
(지번) 성수동2가 565-18",37.5377584931458,127.055160445896,070-8691-2510,"합계(소금계,간장계,양념계) (40,000원), 계란찜 (4,000원), 명란계란찜 (6,000원), 소금계 (13,000원), 간장계 (14,000원), 양념계 (14,000원), 계발구이(닭발) (14,000원), 막국수 (8,000원), 비빔국수 (8,000원), 된장소면 (9,000원), 된장찌개(공기밥포함) (7,000원), 계똥집구이(근위) (13,000원), 치즈감자전 (13,000원), 치즈볶음밥 (8,000원), 소금계목살 (15,000원), 간장계목살 (15,000원), 양념계목살 (15,000원), 열무국수(계절) (9,000원), 얼큰뚝배기라면 (8,000원), 더덕구이 (15,000원)",영업시간 월~금 15:00 ~ 23:00
타코튜즈데이 성수점,"멕시칸,브라질",4.0,751,"서울 성동구 왕십리로10길 10 1층
(지번) 성수동1가 656-482",37.5467293211713,127.045596308057,02-462-7776,"클래식 파히타 플래터 (36,000원)",영업시간 매일 11:00 ~ 22:00 · 휴게시간 월~금 15:00 ~ 17:00
마일스톤커피 성수,카페,4.0,413,"서울 성동구 서울숲4길 15 1층
(지번) 성수동1가 668-101",37.5474522516553,127.042790235948,070-4477-1100,"에스프레소 (4,000원), 아메리카노 (4,800원), 플랫화이트 (5,500원), 카페라떼 (5,500원), 호주식 카푸치노 (5,500원), 비엔나커피 (6,000원), 아몬드라떼 (6,000원), 레몬머틀소다 (6,500원), 레몬우롱아이스티 (6,500원), 초콜릿밀크 (6,000원), 피그원 무화과차 (5,800원), 아르테미스 백차 (5,800원), 케이티디드 백차 (5,800원), 수제 마스카포네 티라미수 (7,500원), 애플크럼블&아이스크림 (7,000원), 그래놀라 크럼블&아이스크림or그릭요거트 (7,000원), 스콘(버터/시나몬) (4,300원), 버터파이쿠키 (4,800원), 키페라떼 (5,500원), 바닐라빈라떼 (6,000원), 레몬우동아이스티 (6,500원)",매일 10:00 ~ 21:00
비엔나커피하우스 서울숲역점,카페,3.8,34,"서울 성동구 왕십리로 66 1층
(지번) 성수동1가 656-447",37.5434788334623,127.045004223706,070-4628-5049,"아메리카노 (4,200원), 카페라떼 (4,800원), 카라멜 (6,000원), 후르츠심포니 (5,000원), 아인슈페너(HOT) (6,000원), 아인슈페너(ICED) (6,500원)",매일 08:00 ~ 22:00
삽다리곱창,"곱창,막창",4.4,115,"서울 성동구 상원길 17 1층
(지번) 성수동1가 11",37.5455523265092,127.049018858743,02-468-9985,"막창구이 (1인분) (12,000원), 불타는땡초곱창 (1인분) (12,000원), 땡초곱창 (1인분) (11,000원), 야채곱창 (1인분) (10,000원), 돼지껍데기 (1인분) (8,000원), 오돌뼈 (1인분) (9,000원)",영업시간 월~토 16:30 ~ 23:00
꿉당 성수점,"육류,고기",3.9,568,"서울 성동구 성수이로20길 10 1층
(지번) 성수동2가 273-24",37.5432276384361,127.057641548378,,"오세트라캐비아(30g) (65,000원), KOKUMI 목살(180g) (19,000원), 삼겹살(180g) (19,000원), 가브리살(150g) (19,000원), 갈매기살(150g) (19,000원), 항정살(150g) (19,000원), 꿉살(150g) (19,000원), 매운꿉삼갈비찜 (8,000원), 강변외할머니된장찌개 (9,000원), 생트러플짜파게티 (10,000원), 열라면투움바 (8,000원)",영업시간 월~금 16:00 ~ 22:50
밀도 옥수점,"제과,베이커리",4.2,15,"서울 성동구 독서당로 223 래미안옥수리버젠 상가동 1층
(지번) 옥수동 561",37.5442707521164,127.015191933825,02-2296-4516,"담백식빵 (7,800원), 리치식빵 (8,400원)",영업시간 매일 11:00 ~ 20:00
훈연,일식집,4.0,781,"서울 성동구 서울숲4길 22-7 오리진블루빌딩 1층
(지번) 성수동1가 668-53",37.54698256094,127.043284705398,010-7616-7330,"11가지 해산물 들어간 카이센동<특> (27,000원), 자포니카 짚불 장어 덮밥 <1마리> (39,000원), 카이센동 (19,000원), 이쿠라사케동 (19,000원), 나고야풍 후추 큐브스테이크동 (23,000원), 시그니처 훈연동 (31,000원), 우나기동(반마리) (24,000원), 야키부타동 & 참깨아이올리 환상의 맛 (17,000원), 트러플 오일 감자 고로케 (5,000원), 왕새우튀김(3pcs) (6,000원), 닭다리 한덩이를 통으로 올린 야키토리 (15,000원), 성수하면 갈비! 갈비하면 카루비동 / 고기가 세 덩이나? (18,000원), 매운 야키토리동 / 불족발 맛이 나는 야키토리가 있다? (16,000원), 육회사케동 (20,000원), 통통 가라아게 (8,000원)",영업시간 매일 11:00 ~ 21:00 · 휴게시간 월~금 15:00 ~ 16:30
스마일즉석떡볶이,분식,3.7,80,"서울 성동구 마조로 39
(지번) 행당동 1-131",37.5612772427847,127.041295648077,02-2291-3279,"즉석떡볶이 (4,000원), 야끼만두 (700원), 김말이 (700원), 기본볶음밥 (2,000원), 치즈볶음밥 (3,000원), 삶은계란 (700원), 치즈사리 (3,000원), 라면사리 (2,000원), 떡사리 (2,000원), 쫄면사리 (2,000원), 비빔쫄면 (7,000원)",월~금 10:30 ~ 20:30 · 휴게시간 월~금 14:30 ~ 16:00
다로베,피자,3.9,304,"서울 성동구 왕십리로11길 7 1층
(지번) 성수동1가 685-208",37.548519716506,127.043389364604,02-465-3666,"Darobe (27,000원), Marggerita Buffalo (24,000원)",월요일
옥수해물찜칼국수,"해물,생선",3.1,96,"서울 성동구 독서당로40길 37 2층
(지번) 옥수동 560",37.5418507402833,127.017887760913,02-2292-3335,"해물찜 (53,000원), 아구찜 (39,000원), 바지락 칼국수（비조리） (9,000원), 들깨수제비 (9,000원), 새알팥죽 (10,000원), 팥칼국수（비조리） (10,000원), 만두 (7,000원), 해물파전 (13,000원), 공기밥 (1,500원), 음료수 (1,500원)",영업시간 매일 11:30 ~ 21:30 · 휴게시간 월~금 15:30 ~ 16:30
정통집 왕십리한양대점,"육류,고기",3.4,73,"서울 성동구 마조로1가길 11 1층
(지번) 행당동 4-6",37.560498845504,127.040064148812,02-2291-9460,"돼지김치구이 (소) (25,000원), 꽃껍데기 (9,000원), 비빔국수 (5,000원)",영업시간 매일 15:00 ~ 01:00
페이퍼플레이트,피자,4.7,328,"서울 성동구 성수이로14길 15 1층
(지번) 성수동2가 322-21",37.5417641510323,127.056698425796,02-499-0304,"CHEESE (5,700원), PEPPERONI (6,700원), OLIVE (6,500원), MARGHERITA (7,300원), CREAM (7,800원), HAWAIIAN (7,900원), NY SUPREME (8,000원), FRIES (5,900원), BUFFALO WINGS (8PCS) (11,500원), JALAPENO MAYO WINGS (8PCS) (11,500원), CORN SHRIMP (8,400원), PP FRIES (8,900원), SODA (3,000원)",월요일
스탠다드빌라,이탈리안,3.8,70,"서울 성동구 한림말3길 27-1 1층
(지번) 옥수동 285-60",37.5434560634139,127.015231033374,02-2294-2234,"까르보나라 (19,000원), 바질 페스토 파스타 (20,000원), 토마토 파스타 (19,000원), 볼로네제 파스타 (19,000원), 앤쵸비 & 베이컨 파스타 (17,000원), 머쉬룸 크림 뇨끼 (19,000원), 머쉬룸 크림 리조또 (18,000원), 비스크 소스 쉬림프 파스타 (18,000원), 콥 샐러드 (15,000원), 아보카도 에그 탈틴 (13,000원), 쉬림프 & 스크램블 에그 탈틴 (13,000원)","영업시간 월,수,목,금,토,일 11:00 ~ 21:00"
성수라,한식,4.3,591,"서울 성동구 왕십리로4길 13-1 2층
(지번) 성수동1가 656-1839",37.5460864405436,127.045875080226,02-2088-6767,"김치찜(1인) (11,000원), 파김치마늘보쌈 (29,000원), 낙지볶음 (23,000원), 꽈리해물파전 (18,000원), 젓갈샘플러 (16,000원)",영업시간 월~토 11:30 ~ 22:00 · 휴게시간 월~토 15:00 ~ 17:30
텐동식당,일식집,3.4,212,"서울 성동구 연무장5가길 20-1 1층
(지번) 성수동2가 315-29",37.5433384122801,127.054908600031,02-6339-0309,"스페셜텐동 (18,000원), 에비 텐동 (16,000원), 아나고 텐동 (14,000원), 이까 텐동 (13,000원), 치킨 가라아게동 (12,000원), 기본텐동 (10,000원), 치킨 카레라이스 (11,000원)",영업시간 매일 11:00 ~ 21:00 · 휴게시간 매일 15:00 ~ 17:00
마장황소곱창,"곱창,막창",3.5,57,"서울 성동구 고산자로 290 1층
(지번) 행당동 192-30",37.5653768819468,127.036605913449,02-2292-9786,"소곱창 (26,000원), 대창 (24,000원), 막창 (24,000원), 유창 (24,000원), 벌집양 (24,000원), 양깃머리 (28,000원)",영업시간 월~토 17:00 ~ 01:30
소랑호젠,양식,4.1,352,"서울 성동구 왕십리로 58 1층 110호
(지번) 성수동1가 656-3",37.5426958782317,127.045205280472,0507-1380-1046,"제주 프렌치렉 스테이크 (39,000원), 비스큐 제주 로제 (21,000원), 제주 크림 뇨끼 (23,000원), 제주 멜젓 (21,000원), 명란 파스타 (19,000원), 제주 보라성게 파스타 (28,000원), 제주 카프레제 (16,000원), 계절과일 리코타 치즈 샐러드 (16,000원), 제주 몽드락 (21,000원), 클래식 마르게리타 (19,000원), 콰트로치즈&화이트 라구 (23,000원), 오늘의 달콤함 (9,000원), 제주크림뇨끼 (23,000원), 바질크림뇨끼 (26,000원), 제주거멍 (24,000원), 카르파치오 (27,000원)",영업시간 매일 11:30 ~ 21:30 · 휴게시간 매일 15:00 ~ 17:00
성수명당,"호프,요리주점",4.0,464,"서울 성동구 연무장19길 10 1층
(지번) 성수동2가 275-71",37.5410800455048,127.062710898158,070-8833-3227,"더오프라인샵 스테이크 (300g) (43,000원), 명당 로제 떡볶이 (23,000원), 차돌박이 우동 (23,000원), 생참치연어김밥 (10p) (23,000원), 통삼겹김치찜 (22,000원), 통새우미나리전 (22,000원), 구운고등어초밥 (7p) (21,000원), 투움바파스타 (19,000원), 치즈오꼬노미야끼 (19,000원), 멜론과 프로슈토 (16,000원), 쥐포튀김 (5,000원)","영업시간 월,수,목,금,토,일 12:00 ~ 22:30 · 휴게시간 월,수,목,금,토,일 15:00 ~ 17:00"
더코너키친,양식,4.1,117,"서울 성동구 한림말3길 8 1층
(지번) 옥수동 365-17",37.5418535471755,127.01655765034,02-6448-9090,"포르마지오 파스타 (26,000원), 깔죠네 샐러드 (22,000원), 부라타 루골라 피자 (26,000원)",영업시간 매일 11:00 ~ 21:30 · 휴게시간 매일 15:00 ~ 17:00
또보겠지떡볶이 말랑쉼표성수점,떡볶이,4.5,330,"서울 성동구 왕십리로4길 19-1 하늘빌딩 2층
(지번) 성수동1가 656-1056",37.5465880899084,127.046175148363,0502-5550-3553,"또보겠지 즉석떡볶이(2인) (14,000원), 또보겠지 즉석떡볶이(3인) (19,000원), 또보겠지 즉석떡볶이(4인) (24,900원), 버터갈릭감자튀김 (6,500원), 달콤베이컨감자튀김 (6,500원), 날치알볶음밥 (3,500원), 일반볶음밥 (3,000원), 소세지볶음밥 (3,500원), 베이컨볶음밥 (3,500원), 진미채볶음밥 (3,500원)","영업시간 월,수,목,금,토,일 11:30 ~ 21:30"
육명갈비,갈비,4.7,815,"서울 성동구 왕십리로24길 3 1층
(지번) 도선동 253-5",37.5629586892799,127.033605335286,0507-1356-4367,"황제 갈비살 구이 400g (39,000원), 양념 황제 갈비살 400g (39,000원), 과일양념 LA갈비 500g (45,000원), 프라임급 진갈비살 300g (45,000원), 돼지 양념구이 600g (27,000원), 소주 (3,000원), 맥주 (3,000원), 삼겹살 600g (27,000원), 항정살 600g (29,000원), 벌집 돼지껍데기 한장 (7,000원), 된장찌개 (7,000원), 함흥식냉면 (7,000원), 버터 간장 계란밥 (5,000원)",영업시간 월~금 15:00 ~ 23:00
천하제일솥뚜껑,"육류,고기",4.0,225,"서울 성동구 성수이로7길 27 서울숲코오롱디지털타워2차 1층 105-1호
(지번) 성수동2가 333-140",37.5415739384899,127.053438588226,02-499-1994,"유황 생목살 160g (17,000원), 자가두부 두루치기(점심) (10,000원), 유황 생삼겹살 160g (17,000원), 듀록 흑돼지 160g (15,000원), 냉동 삼겹살 160g (13,000원), 한우 차돌박이 150g (26,000원), 자가두부 한 모 (6,000원), 자가두부 반 모 (4,000원), 통돼지 김치찌개(점심) (8,000원), 폭탄계란찜 (4,000원), 솥뚜껑볶음밥 (3,000원), 후식 칡냉면(물/비빔/불) (7,000원), 콩국수(여름한정) (4,000원), 소주 (5,000원), 맥주 (5,000원), 음료수 (2,500원), 산토리 하이볼 (8,000원)",영업시간 매일 11:00 ~ 22:00 · 휴게시간 월~금 14:30 ~ 17:00
레츠잇치킨,치킨,3.9,17,"서울 성동구 왕십리로4길 12 1층
(지번) 성수동1가 656-630",37.5458601611473,127.045974181877,070-4106-8088,"네시빌 콤보 (14,900원), 치킨 플레터 2인(2인분) (22,000원), 치폴레 양념 콤보 (14,900원), 후라이드 콤보 (13,900원), 타이 치킨 콤보 (14,900원), 인디아치킨 콤보 (14,900원), 가라아게 콤보 (14,900원), 버팔로 콤보 (14,900원), 치킨 플레터 1인(1인) (11,500원), LEC 샌드(텐더)(1인분) (7,900원), 네시빌 샌드(1인분) (9,900원), 재팬 샌드(1인분) (9,900원), 버팔로 샌드(1인분) (8,900원), 코리안 샌드(1인분) (9,900원), 타이 샌드 with 고수(1인분) (8,900원), 타코라이스 (with 고수)(1인분) (8,900원), 치킨 아보 라이스 (9,900원), LEC치킨 라이스(1인분) (9,500원), LEC 치킨랩(1인분) (5,900원), 치킨 아보랩(1인분) (5,900원)",영업시간 매일 11:30 ~ 22:00 · 휴게시간 매일 15:00 ~ 17:00
위풍당당족발,"족발,보쌈",3.9,621,"서울 성동구 성수일로8길 53 1층
(지번) 성수동2가 289-13",37.5452842944977,127.056449654682,02-465-3323,"[푸짐한]족보세트 (52,000원), 족발 (42,000원), [반반]족발＋직화불족발 (44,000원), [반반]족발＋꿀마늘족발 (44,000원), 보쌈＋꿀마늘보쌈 (45,000원), 불족발 (44,000원), [가성비 짱 1.5인분 족발+생과일막국수] (33,000원), 앞발 1족 大 (51,000원), 꿀마늘족발 (44,000원), 보쌈＋직화불보쌈 (45,000원), [가성비 짱 1.5인분 보쌈+생과일막국수] (33,000원), 부산식냉채족발 (52,000원), [오늘삶은]보쌈 (43,000원), 꿀마늘보쌈 (45,000원), [직화]불보쌈 (45,000원), 청송사과 듬뿍 막국수 中 (12,000원), 뜨끈뜨끈 칼칼 순두부찌개（공기밥X） (9,000원), 주먹밥 추가 (4,000원), 푸딩 계란찜 (3,000원), 꿀마늘 소스 추가 (3,000원), 무말랭이＋보쌈김치추가 (4,000원), 5찬세트＋상추 추가 (2,500원), 상추추가 (1,000원), 새콤달콤 흰무절임 (1,500원), 힘나는 공기밥 (1,000원), 코카콜라 1.25L 추가 (4,000원), 스프라이트 1.5L 추가 (4,000원), 코카콜라 355mL (2,000원), 스프라이트 355mL (2,000원), 환타오렌지 355mL (2,000원)",영업시간 월~토 11:30 ~ 24:00 · 휴게시간 월~토 15:30 ~ 17:00
높은집종가산꼼장어,장어,4.6,263,"서울 성동구 왕십리로21길 17 1층
(지번) 행당동 292-41",37.5608985028784,127.032849715041,02-2292-4074,"바다장어구이(100g) (10,000원), 전복구이(4마리) (20,000원), 전복죽 (20,000원), 산꼼장어스페샬(1-2인분) (60,000원), 산꼼장어스페샬(3-4인분)(1kg) (120,000원)",영업시간 매일 16:00 ~ 23:00
타코마이너,"멕시칸,브라질",4.4,153,"서울 성동구 연무장길 39-13 2층
(지번) 성수동2가 316-41",37.5432579893152,127.053851560966,02-6402-5001,"타코(2pcs) (9,000원), 케사디아 (10,000원), 브리또 (10,000원), 화이타 (10,500원), 치미창가 (11,000원), 부르또볼 (10,000원)",영업시간 월~토 11:30 ~ 21:00 · 휴게시간 월~금 15:00 ~ 17:00
포레스트,카페,3.9,115,"서울 성동구 서울숲2길 20-12
(지번) 성수동1가 685-449",37.5467991249666,127.040731250883,010-8861-0856,미정 (변동가격),매일 10:00 ~ 21:00
밀본,칼국수,3.1,37,"서울 성동구 아차산로 67-16 KIMG빌딩 1층
(지번) 성수동2가 300-80",37.5464697868468,127.051412788716,02-499-9801,"녹두전 (12,500원), 손칼국수 (9,500원), 고기덮밥 (9,500원), 비빔 물국수 (9,500원), 갈비탕 (16,000원), 군만두 (13,500원), 손만두 (9,500원), 매운닭봉 (16,500원), 육전 (17,500원)",영업시간 월~금 11:00 ~ 21:00 · 휴게시간 월~금 15:00 ~ 17:00
메시,일식,4.2,208,"서울 성동구 상원2길 3 1층
(지번) 성수동1가 14-47",37.5460155615366,127.04937595267,02-461-1121,"연어 한마리 덮밥 (13,500원), 스키샤브 (13,500원), 소고기 덮밥 (9,000원), 닭고기덮밥 (9,000원), 명란크림우동 (10,000원), 수제야끼모찌 (7,000원), 수란 (에피타이저용) (1,000원)",영업시간 월~금 11:30 ~ 21:00 · 휴게시간 월~금 14:30 ~ 17:30
오후,퓨전일식,3.6,641,"서울 성동구 서울숲2길 44-7 1층
(지번) 성수동1가 668-135",37.5462020994781,127.043328838921,0507-1487-8885,"꿀꿀이가 소스에서 반신욕 하니, 오후 (14,000원), 강 거슬러 올라오니, 오후 (19,000원), 규동이 먹으러 일본가려다가, 오후 (11,000원), 꿀꿀~꿀잠자고 일어나니, 오후 (13,000원), 얼른 학교 가라아게, 오후 (14,000원), 노르웨이 연어다 (12,000원), 꿀꿀 돈카츠 (8,000원)","영업시간 월,수,목,금 11:30 ~ 20:30 · 휴게시간 월,수,목,금 15:00 ~ 17:00"
아키야마,일본식주점,4.6,250,"서울 성동구 아차산로7나길 18 1층 106호
(지번) 성수동2가 289-5",37.5477017276698,127.057460313588,02-499-1757,"아키야마모듬사시미 (38,000원), 참숯불6종모듬꼬치 (25,000원), 모찌리도후 (11,000원), 사시미고노와다 (30,000원), 해물크림짬뽕 (25,000원), 차돌박이숙주볶음 (24,000원), 생연어사시미 (29,000원), 수제오코노미야키 (25,000원), 모듬튀김 (26,000원), 오뎅나베 (23,000원), 치즈야채고로케 (19,000원), 콘치즈구이 (11,000원), 모듬사시미+세트(할인) (56,000원), 광어+연어사시미 (30,000원), 도미+광어사시미 (30,000원), 나가사키해물짬뽕 (23,000원), 김치오뎅나베 (25,000원), 스키야키 (30,000원), 해물알탕 (28,000원), 수제치킨가라게 (17,000원)","영업시간 월,토 17:00 ~ 24:00"
모찌모찌브레드 옥수본점,"제과,베이커리",3.8,18,"서울 성동구 한림말3길 14 1층
(지번) 옥수동 362-3",37.5423782690925,127.016052082944,02-762-0202,"A SET (10,000원), B SET (11,000원)",월~토 08:00 ~ 20:00
고향식당,"해물,생선",4.7,25,"서울 성동구 자동차시장1길 70 지하1층
(지번) 용답동 234",37.5603689173112,127.065148790474,02-2245-4193,"된장찌개 (5,000원), 쭈꾸미불백 (7,000원), 낙지불백 (8,000원), 산낙지 연포탕 (12,000원), 생삼겹살 (12,000원), 주꾸미샤브샤브 (가격정보 없음)",월~금 09:00 ~ 21:00
남다른본가닭한마리,닭요리,4.2,68,"서울 성동구 연무장7길 12 세대빌딩 2층
(지번) 성수동2가 315-70",37.5436698315466,127.054840383995,02-461-6932,"닭한마리 (25,000원), 닭볶음탕 (28,000원), 무뼈닭발 (18,000원), 낙지볶음 (18,000원), 닭똥집소금구이볶음 (15,000원), 닭목살볶음 (18,000원), 닭똥집볶음 (15,000원), 공기밥 (1,000원), 사이다 355mL (2,000원), 콜라 355mL (2,000원)",영업시간 월~토 11:30 ~ 23:00
무색 MUSAEK,일식,4.6,393,"서울 성동구 상원2길 1-10 2층
(지번) 성수동1가 14-44",37.5462046110775,127.049328210947,010-3449-8662,"사시미모리아와세 (47,000원), 사바보우즈시 (25,000원), 카니미소차항 (18,000원), 카이센토마토나베 (30,000원), 빠다야끼 (21,000원), 뎃카마끼 (23,000원), 노도구로 시오야끼 (45,000원), 노도구로 타키코미고항 (43,000원), 모둠초밥 (28,000원), 멘타이코 사바소멘 (25,000원), 사카무시 (24,000원), 쉬타케에비아게다시 (16,000원), 야키사바차항 (21,000원), 이까 짬뽕 (27,000원), 캬베츠트러플야끼 (9,000원), 방어 시오야끼 (31,000원), 우니호타테아마에비 (50,000원), 에비 덴뿌라 (22,000원), 이소베마끼 (21,000원), 후토마끼 (21,000원)",영업시간 매일 11:30 ~ 22:30 · 휴게시간 매일 15:00 ~ 17:00
뺑드에코,"제과,베이커리",4.5,143,"서울 성동구 연무장길 44 2층
(지번) 성수동2가 310-7",37.5427191811958,127.054071597609,010-3510-4730,"쁘띠 아리 (2,900원), 소시지 바게트 (3,900원), 쇼콜라 바게트 (5,100원), 신의바게트 (4,400원), 깡빠뉴 (8,800원), 뺑선형쓰 (8,800원)","월,일요일"
성수동양갈비,갈비,4.8,28,"서울 성동구 성수일로12길 33 1층
(지번) 성수동2가 299-234",37.5477344120428,127.054659700187,02-497-4987,메뉴 없음,영업시간 월~토 11:00 ~ 22:00 · 휴게시간 월~토 15:00 ~ 17:00
청기와타운 왕십리점,"육류,고기",4.1,33,"서울 성동구 왕십리광장로 17 1층 C-04호
(지번) 행당동 168-151",37.5614417528647,127.038394194396,02-2299-1474,"수원왕갈비 (29,000원), 돼지갈비정식 (22,000원), 돼지갈비 (22,000원), 타우너스 갈비 (24,000원), 빗살로스 (28,000원), LA갈비 (26,000원), 수원양념갈비 (26,000원), 무생채볶음밥 (12,000원), 육회비빔밥 (12,000원), 양곰탕 (12,000원), 토장찌개 (8,000원), 순두부찌개 (8,000원), 소고기 미역국 (8,000원), 생갈비 (36,000원)",영업시간 매일 11:30 ~ 22:00 · 휴게시간 월~금 15:00 ~ 17:00
로우키커피 헤이그라운드점,커피전문점,4.1,94,"서울 성동구 뚝섬로1나길 5 1층
(지번) 성수동1가 22-8",37.5444719061481,127.047778632224,070-8810-2010,"AMERICANO (5,500원), CAFFE LATTE (5,500원), VANILLA LATTE (6,000원), SPECIALTY COFFEE (7,000원), COOKIE (3,500원), 에스프레소 (5,500원), 카푸치노(HOT) (5,500원), 콜드브루(블랙/화이트) (6,000원), 카라멜라떼 (7,000원), 마론밀크 (5,500원), 망고구아바에이드 (6,000원), 초콜렛드링크 (6,500원), 배치 브루 (3,700원), 시즈널티(살렛백작부인/카모마일멜란지) (6,000원), 피치메리아이스티 (5,500원), 밀크티 (5,500원), 애플크럼블 (4,500원), 글레이즈드도넛(오리지널/동그리즈/시나몬) (3,500원), 글레이즈드도넛(레몬/초코) (3,700원), 크림도넛(바닐라/얼그레이) (4,000원), 시즈널도넛(티라미수/초코바나나/흑임자) (3,500원)",월~금 09:00 ~ 18:00
패티패티,햄버거,4.4,278,"서울 성동구 아차산로13길 33
(지번) 성수동2가 278-27",37.5462361417851,127.061612478688,010-8537-8292,메뉴 없음,매일 10:30 ~ 24:00
백야드빌더 성수점,카페,4.4,40,"서울 성동구 광나루로 152
(지번) 성수동1가 656-609",37.551424934552,127.047052349337,02-462-7686,메뉴 없음,매일 11:00 ~ 24:00
권식족발,"족발,보쌈",4.2,31,"서울 성동구 아차산로7길 4 1층
(지번) 성수동2가 300-64",37.5455816047743,127.054379079618,02-465-8516,"반반왕족발 (중) (39,000원), 매운왕족발 (중) (39,000원), 영양왕족발 (중) (38,000원)",영업시간 월 15:00 ~ 23:00
심퍼티쿠시 성수점,양식,4.7,793,"서울 성동구 아차산로 6 누디트 서울숲 3층 R5호
(지번) 성수동1가 656-1731",37.5476939315842,127.04512444582,070-4101-1408,"우대갈비 리조또 (39,000원), 허브드레싱 모짜렐라 샐러드 (18,000원), 들기름 마요 알배추 샐러드 (18,000원), 매콤 곱창 파스타 (24,500원), 차돌 고사리 파스타 (23,500원), 고추오일 명란크림 파스타 (22,500원), 숯불 닭 목살 곤드레 리조또 (22,000원), 송고버섯 리조또 (23,000원), 와규 스테이크 (59,000원), BBQ 폭립 (45,000원), 레드커리 닭다리살 스테이크 (28,500원)",월~금 11:00 ~ 22:00 · 휴게시간 월~금 15:00 ~ 17:00
소나무,갈비,3.7,454,"서울 성동구 행당로17길 20 1층
(지번) 행당동 292-7",37.5601207362776,127.033264858904,,메뉴 없음,영업시간 매일 15:00 ~ 22:30
밋보어 서울 by 에디션덴마크,디저트카페,4.4,216,"서울 성동구 성수일로 1 1층 6~8호
(지번) 성수동1가 656-365",37.5408654463888,127.047850218608,010-9780-1866,"대니시 라이브레드 플레이트 (14,000원), 컬리플라워와 허브소스 (18,000원), 봄꿀 그래놀라 요거트 (12,000원), 시즈널 사워도우 팬케이크 (15,000원), 채소 라자냐 (18,000원), 버섯 라구 스파게티 (24,000원), 스뫼레브뢰드 (15,000원), 딸기 오미자 샐러드 (16,000원), 시금치 보리 리조또 (24,000원), 당근라페 오픈샌드위치 (14,000원), 밋보어 스프 (9,500원)",월~금 11:00 ~ 18:00
